x1,x2,x3
0.132448,0.276645,0.866009
-0.184978,-0.223351,0.715475
-0.383569,0.080016,0.117951
-0.198916,0.210493,0.741961
-0.346747,0.447503,0.452953
0.073886,-0.283924,0.795027
0.340799,-0.231157,0.535095
0.158358,0.322495,0.106583
-0.296337,-0.423253,0.451846
-0.113938,0.363823,0.136986
0.276175,-0.058167,0.778844
0.454251,-0.250284,0.461936
-0.213169,-0.244476,0.912205
0.007453,-0.434100,0.148797
-0.540014,-0.051573,0.386640
0.194960,-0.377367,0.162440
-0.330515,0.111122,0.083479
-0.262183,0.420029,0.202206
-0.055923,0.315747,0.029749
0.077743,0.518947,0.213435
-0.378750,-0.061982,0.572316
-0.507721,0.235371,0.443674
-0.172095,-0.283548,0.025836
0.456310,0.036895,0.172089
-0.300468,0.102448,0.034035
-0.192085,0.217380,0.704038
0.192550,0.539049,0.274078
-0.223553,-0.151651,0.831629
-0.553676,0.238305,0.388759
-0.104661,0.322173,0.674192
0.078989,0.303021,0.681347
0.190378,-0.191280,0.796498
0.121994,-0.396881,0.570539
-0.487663,-0.386731,0.349472
-0.193595,0.284480,0.072942
0.297150,-0.103158,0.048286
-0.461952,-0.194337,0.508385
-0.267009,0.120029,0.850718
0.410417,-0.296418,0.246029
-0.125022,0.268563,0.840403
-0.200839,-0.568988,0.350833
-0.142199,0.335401,0.971319
-0.021209,0.291669,0.849827
-0.107789,-0.337804,0.093169
0.043249,0.309346,0.660800
-0.324629,0.014062,0.906806
-0.537527,-0.295633,0.314855
0.183220,0.453628,0.516867
-0.031876,-0.269181,0.808228
-0.398287,-0.125227,0.557441
-0.192230,-0.183964,0.781826
-0.294283,0.305038,0.139479
-0.317153,0.173855,0.924274
-0.414778,0.013479,0.124146
-0.618455,0.118094,0.310862
-0.149037,-0.295430,0.689056
-0.556575,-0.293249,0.345278
-0.300368,0.174416,0.924683
0.583285,0.006606,0.320153
0.142194,-0.500794,0.273409
-0.295241,-0.036138,0.807705
-0.151436,0.290212,0.677713
-0.569692,0.000161,0.287168
0.288669,0.192085,0.061899
0.444698,-0.303427,0.413516
0.613835,-0.039641,0.349618
0.296871,0.114819,0.882329
-0.202064,0.249856,0.905353
-0.052234,-0.414830,0.542296
-0.150416,0.352208,0.966753
-0.561797,-0.251750,0.325175
-0.326185,0.188584,0.616272
0.082272,-0.536626,0.295312
0.319535,-0.085337,0.050441
0.274497,-0.231785,0.096801
-0.232529,-0.220946,0.014421
0.186287,0.294662,0.094539
0.337639,-0.116639,0.995949
0.356827,0.053377,0.086592
-0.088308,0.285710,0.875742
-0.067940,0.337526,0.898622
-0.216262,-0.404298,0.528350
-0.452679,0.036019,0.518115
0.244833,0.161682,0.696166
0.526254,0.042608,0.248322
-0.502085,-0.386011,0.287089
-0.307219,0.016456,0.010842
-0.379400,-0.280716,0.171477
-0.421744,-0.179442,0.550236
0.442470,-0.363899,0.306826
0.269044,-0.151457,0.830288
0.111545,0.272960,0.809939
0.568132,-0.216227,0.397065
0.071599,-0.296372,0.714823
-0.191211,-0.228276,0.824191
-0.167091,-0.261864,0.780795
-0.357699,-0.106510,0.946293
0.400387,-0.229166,0.210784
0.037328,0.353649,0.598402
-0.439410,-0.316373,0.467235
0.118377,-0.277162,0.003497
0.196510,0.222224,0.717570
-0.273319,-0.242519,0.087565
-0.367723,0.257291,0.184771
0.028533,-0.282218,0.749367
0.318067,0.144129,0.931719
-0.216276,-0.171745,0.726847
0.187154,-0.234878,0.883265
-0.292015,-0.304566,0.513812
-0.232897,0.484324,0.486665
-0.302901,-0.450537,0.284381
-0.181428,0.293356,0.068835
-0.206198,-0.367341,0.168072
0.361792,0.377326,0.223287
-0.059613,0.312591,0.873248
0.313320,0.065334,0.002352
0.508618,0.296111,0.422108
-0.352171,-0.126214,0.971731
0.036776,0.318395,0.906758
-0.384108,-0.038947,0.111028
-0.165367,-0.259025,0.744138
0.217603,-0.201312,0.872034
-0.302890,0.390174,0.187662
-0.224149,0.486789,0.251692
-0.131317,0.310567,0.683665
0.204459,0.186866,0.757666
-0.163449,-0.269314,0.875581
0.257588,-0.550501,0.397899
-0.336848,0.057689,0.047861
-0.364508,-0.139827,0.976553
0.548391,-0.146399,0.258800
-0.095864,-0.288337,0.769949
-0.010492,-0.336196,0.919316
0.312932,-0.260545,0.541187
0.100899,0.462170,0.523593
-0.298831,-0.412209,0.240330
-0.068264,-0.328538,0.060954
0.210367,-0.321449,0.110549
-0.159697,0.238888,0.723541
-0.177718,-0.439120,0.198990
-0.387097,-0.297935,0.495604
-0.367584,0.235351,0.518429
0.265857,0.197492,0.926824
-0.262426,0.347021,0.540407
0.356411,-0.083238,0.615519
0.055011,0.257666,0.811214
0.458099,0.396954,0.301270
-0.183462,0.201166,0.687634
0.308023,0.226705,0.098049
-0.039253,0.361821,0.071005
0.340542,-0.202970,0.969029
-0.256127,0.555289,0.315862
-0.486062,-0.291135,0.458044
0.030405,0.429220,0.152786
-0.277798,-0.490462,0.304052
0.224504,0.232126,0.901900
0.089775,-0.351397,0.932313
-0.302497,0.159080,0.623907
0.185345,0.418605,0.203801
0.019537,-0.376574,0.955961
-0.284915,-0.101127,0.782557
-0.324004,0.132671,0.098524
0.016960,0.287616,0.683390
0.105284,-0.527291,0.413473
-0.221770,0.250643,0.035468
0.490769,0.136219,0.247175
0.423454,-0.093622,0.547130
0.375004,0.072672,0.573803
0.274641,0.259432,0.965038
-0.543855,0.118654,0.466837
0.165432,0.610061,0.345314
-0.162965,0.275026,0.887722
-0.449737,-0.203286,0.511035
0.425045,-0.115298,0.545325
0.422428,-0.178681,0.196234
0.259328,0.129876,0.784236
0.168906,-0.222583,0.781572
0.208041,0.366465,0.557177
0.228740,-0.562872,0.370622
-0.113262,0.377882,0.577834
-0.053551,-0.261353,0.822344
-0.061274,-0.308485,0.677000
0.183621,-0.250900,0.895544
0.553646,-0.071264,0.434214
-0.051064,0.316217,0.653016
-0.257071,-0.267987,0.571444
-0.020809,-0.307926,0.653412
0.453153,0.247751,0.494250
-0.214667,-0.352595,0.556495
-0.258149,0.535305,0.412534
0.225612,0.362868,0.534428
-0.532710,-0.171135,0.276113
-0.282846,0.069065,0.900495
-0.547880,-0.288238,0.328022
-0.192196,-0.238109,0.872250
-0.284577,0.002380,0.823749
0.269746,-0.182946,0.710345
0.168994,0.347244,0.617040
-0.074651,0.300189,0.798976
-0.166852,0.211729,0.738237
0.065428,-0.423740,0.537909
-0.187832,-0.265829,0.030032
0.153145,0.545274,0.453495
-0.020952,-0.599699,0.332819
0.053820,-0.395289,0.973778
0.071184,-0.556683,0.356520
0.294053,0.157764,0.668185
0.134424,0.554377,0.263891
0.302775,-0.233685,0.967874
0.282629,-0.267310,0.975353
0.115765,0.403885,0.568957
-0.336535,-0.112572,0.994489
-0.043483,0.544493,0.389538
-0.267429,0.155257,0.022668
0.349471,0.046258,0.927811
-0.101699,0.502844,0.259187
-0.050919,0.389654,0.554037
0.310618,-0.172980,0.923839
-0.479922,-0.296051,0.239252
0.204714,0.417983,0.534751
-0.403662,0.197549,0.547880
-0.393487,0.017476,0.548579
-0.217039,-0.253669,0.620947
-0.516818,-0.106851,0.426346
-0.480621,0.260333,0.452807
-0.121770,0.303135,0.681056
-0.319222,-0.162650,0.942442
0.329060,-0.050356,0.918667
-0.555118,-0.191959,0.351164
0.421991,-0.362657,0.302838
0.429313,0.041324,0.509945
0.086647,0.285458,0.810041
0.184022,-0.209347,0.748676
-0.359456,-0.167695,0.134309
-0.370033,0.028986,0.946060
-0.377237,0.407813,0.430118
-0.144563,0.494505,0.269866
-0.167213,-0.348669,0.605943
-0.390106,0.438391,0.380871
-0.293613,0.126544,0.745031
0.050838,-0.298500,0.762452
0.270276,-0.095042,0.861996
0.270695,-0.010794,0.800135
-0.351701,0.033435,0.996443
0.323651,0.382189,0.232890
0.390713,0.061691,0.555080
-0.560248,0.018816,0.428677
0.240737,0.125254,0.812843
0.214442,0.195652,0.694839
0.047203,0.494028,0.485316
0.283660,-0.014283,0.714317
0.264535,0.430034,0.472341
0.273782,0.226875,0.933432
0.453444,-0.264626,0.453966
-0.431922,-0.416303,0.343917
-0.030567,-0.481059,0.493194
-0.349468,0.452093,0.434076
0.487534,-0.215235,0.481404
0.283796,-0.042939,0.725717
-0.516466,-0.198708,0.442103
0.464825,-0.038522,0.502199
-0.365313,-0.013306,0.071881
-0.280766,0.111693,0.761307
0.085991,-0.379832,0.964507
-0.181420,-0.231616,0.701183
0.089042,0.277182,0.870652
-0.568728,-0.053542,0.321330
0.335381,0.034809,0.911850
0.267827,-0.265615,0.088058
-0.357814,-0.097756,0.988855
0.318157,0.095012,0.898842
0.341774,-0.140917,0.996707
0.591396,-0.002094,0.356156
-0.025860,-0.323521,0.036110
-0.273158,0.125775,0.776573
-0.347083,-0.224632,0.132767
0.288413,0.018567,0.748472
0.493236,0.400010,0.376551
-0.205137,0.367656,0.148787
-0.479593,0.299023,0.315850
0.014055,-0.375843,0.097229
0.240301,0.441894,0.495697
0.442336,0.395462,0.279524
-0.178237,-0.520204,0.255530
0.238275,-0.202132,0.004053
0.212993,-0.200854,0.761670
-0.013659,-0.268695,0.793093
0.406366,-0.042107,0.552182
-0.378984,-0.052947,0.580324
0.045415,-0.293066,0.749324
-0.326552,0.187140,0.968416
-0.160438,0.211584,0.832230
0.346606,-0.217460,0.552936
-0.335576,0.156093,0.944674
-0.006818,-0.307443,0.662538
-0.592106,0.011078,0.361609
0.216694,0.184399,0.707961
0.196381,0.201066,0.696869
-0.381046,-0.024268,0.960017
-0.129249,-0.474537,0.519383
-0.025082,-0.530738,0.460311
-0.150477,0.251917,0.016860
0.386609,0.022399,0.543729
-0.523382,-0.111328,0.273878
0.108789,0.272600,0.780857
-0.132001,0.279968,0.905223
-0.275599,-0.122253,0.888596
-0.288216,0.232894,0.089484
-0.353253,0.093066,0.621542
0.325755,0.106884,0.662604
0.220845,0.493372,0.262622
0.269962,-0.414399,0.518051
-0.348869,-0.026093,0.595951
0.411127,-0.361917,0.265325
0.363714,-0.455154,0.422093
0.104976,0.281388,0.843500
-0.369657,0.270005,0.197386
-0.369343,-0.060351,0.998505
0.274818,0.193184,0.641949
0.311717,0.185291,0.998003
0.237616,-0.366805,0.550841
0.132808,-0.253856,0.769894
-0.216509,0.195054,0.833210
-0.164989,-0.589752,0.299862
-0.331247,-0.037483,0.911286
-0.005979,-0.405519,0.114116
-0.120402,0.277348,0.762686
-0.482307,0.079387,0.501893
0.287667,-0.229113,0.943753
0.194359,-0.436704,0.524900
-0.116332,0.294017,0.739598
0.422245,-0.387764,0.365188
-0.447044,0.330327,0.344230
-0.134534,-0.297361,0.706229
-0.128848,-0.522363,0.230419
-0.459391,0.326393,0.293117
0.208708,-0.396625,0.540561
-0.276906,0.061254,0.772018
0.348457,-0.087863,0.637598
0.424116,-0.178181,0.196502
0.266010,-0.192591,0.910495
0.434891,-0.282343,0.442269
0.240007,0.317769,0.142073
-0.174075,-0.234394,0.741890
-0.015376,-0.275119,0.763617
-0.314232,-0.057408,0.045306
-0.302124,-0.056102,0.796830
0.177005,0.561904,0.447228
0.299327,0.476857,0.314803
0.068326,-0.323439,0.651672
0.262730,0.359738,0.502076
-0.038918,-0.282311,0.700739
0.328268,0.172671,0.968055
-0.374792,0.230477,0.180757
0.528304,0.080314,0.265701
-0.169996,-0.269263,0.745618
-0.079752,0.288558,0.728754
-0.408573,0.084076,0.126404
-0.128462,0.551095,0.312702
-0.356484,-0.035449,0.583791
-0.187900,-0.286626,0.910239
0.153732,0.267227,0.788205
0.066309,-0.386395,0.970456
0.103632,-0.500176,0.458135
0.286639,-0.109001,0.800708
-0.236643,0.220285,0.904544
0.375869,-0.384801,0.435000
0.264983,0.176900,0.927192
0.592456,-0.022695,0.379344
0.134403,0.555329,0.447594
-0.383084,0.388665,0.264965
0.307370,0.204690,0.079275
0.213151,-0.359687,0.573677
-0.258981,0.022950,0.816675
0.265567,-0.063931,0.847443
0.193276,0.247932,0.880207
0.270128,-0.218310,0.088164
-0.166931,0.202961,0.831752
0.023956,0.277422,0.734106
-0.177759,-0.269221,0.895451
0.370074,0.071050,0.112953
-0.520002,-0.083934,0.420066
-0.581419,0.097318,0.246784
0.336879,0.105971,0.106873
-0.316818,0.139036,0.644202
-0.119659,0.332897,0.654240
0.002459,0.289449,0.835401
0.334871,-0.156824,0.979128
-0.504953,-0.358678,0.304278
0.214058,0.311418,0.113354
0.020251,-0.451638,0.506327
-0.260311,0.278720,0.973478
-0.304103,-0.217606,0.956919
-0.406392,0.381940,0.286643
-0.343097,-0.407102,0.267453
-0.203346,-0.446148,0.504620
-0.062492,0.292188,0.849544
0.136141,-0.243788,0.797025
-0.438740,-0.402412,0.288245
-0.466775,-0.363331,0.412086
0.120029,0.589022,0.284930
-0.009484,0.380837,0.989003
-0.255109,0.196916,0.006969
0.552277,0.119348,0.359839
0.351209,0.125773,0.951290
-0.174050,-0.284755,0.650951
-0.161708,0.364361,0.141755
-0.060570,-0.320188,0.032477
0.290471,0.147604,0.919330
-0.018832,-0.303323,0.656225
0.082036,0.358312,0.954736
0.193542,-0.207269,0.860881
0.342258,-0.227813,0.157752
-0.228827,-0.570743,0.359243
-0.269505,0.210991,0.610505
0.534579,0.086901,0.301896
0.039623,-0.566532,0.379043
-0.352152,-0.146690,0.956023
0.278856,0.158572,0.691810
-0.303741,-0.144652,0.912473
0.582996,0.022560,0.312541
-0.287730,0.090745,0.893014
-0.463975,-0.400102,0.313219
0.114769,-0.334125,0.647773
-0.080450,0.308451,0.700886
0.060549,0.534451,0.218676
-0.214184,0.383336,0.547990
0.353253,0.137799,0.948681
0.277955,-0.127611,0.762855
0.392075,-0.365250,0.245535
-0.374871,-0.280123,0.175104
0.264600,0.133958,0.014494
0.242712,0.140729,0.866917
0.338629,-0.153968,0.119786
0.252977,0.252976,0.065378
0.315000,0.409638,0.251732
0.071592,-0.315898,0.009833
-0.172057,0.512699,0.277390
-0.265087,0.164621,0.035034
-0.466339,0.295852,0.379861
-0.086514,-0.266639,0.779423
-0.269294,0.047292,0.790213
0.141090,-0.342415,0.623404
-0.488442,0.012465,0.186293
-0.097427,0.374955,0.958298
0.148242,0.408349,0.563649
0.011137,-0.353449,0.071860
0.059402,0.306250,0.668105
-0.299595,-0.244403,0.982863
-0.271118,-0.200657,0.923242
0.616232,-0.144886,0.329144
0.351162,0.221682,0.136097
0.087806,0.321128,0.927690
-0.247871,-0.399139,0.506552
-0.138073,0.247826,0.886900
0.196768,0.205832,0.757090
0.235900,-0.182109,0.708866
-0.039220,-0.335457,0.916437
0.054825,0.314739,0.909960
0.306984,0.209220,0.994567
0.312357,-0.476090,0.257906
-0.255996,-0.120388,0.820588
0.287852,-0.136385,0.036137
-0.324451,-0.035163,0.903779
0.037239,0.308456,0.657609
0.229281,0.255380,0.627960
-0.304722,0.172764,0.104448
-0.239294,-0.543742,0.362347
0.445179,0.012031,0.166150
-0.283306,0.218753,0.929604
-0.277155,0.191352,0.639633
-0.156815,-0.289589,0.070457
0.209103,0.580371,0.391222
0.247853,-0.244539,0.069867
-0.140253,0.274886,0.712789
0.149429,-0.285215,0.701295
0.144818,-0.273004,0.024292
0.412804,-0.364489,0.391753
-0.019831,0.357104,0.069167
0.170078,-0.268500,0.667410
0.075336,0.612032,0.386922
-0.408074,0.298671,0.240512
0.173062,0.354295,0.142063
-0.266582,0.026669,0.793616
0.323567,0.165364,0.998104
0.513403,-0.142735,0.228242
0.294477,0.024101,0.875340
-0.454905,0.009731,0.517416
0.167908,-0.271714,0.660860
0.192662,0.211772,0.813693
-0.347709,-0.243077,0.139440
-0.350267,-0.069289,0.096962
0.026182,-0.552489,0.269448
-0.093321,-0.278811,0.805973
0.218952,-0.429627,0.190661
0.078004,-0.279717,0.793901
-0.325437,-0.186603,0.628673
-0.213865,0.294500,0.604572
0.281228,0.225098,0.085403
0.168935,0.280871,0.706862
0.251178,-0.263443,0.586287
-0.029702,0.285464,0.741115
0.459221,-0.360709,0.341238
-0.122323,0.332624,0.644869
0.294032,0.110593,0.014962
-0.122978,0.479000,0.478453
-0.425332,0.376644,0.317403
0.291793,0.222487,0.944447
-0.276267,0.130508,0.791117
0.117792,-0.379131,0.989594
-0.478017,0.287504,0.420922
-0.593192,0.023366,0.285190
0.340159,-0.002623,0.614544
0.076363,0.344879,0.636547
-0.522335,-0.147897,0.280291
0.398664,-0.030730,0.557912
-0.368866,0.009912,0.094429
-0.290283,-0.187872,0.935992
-0.321106,-0.097035,0.079065
0.274492,0.242823,0.942095
-0.093857,-0.434427,0.537436
0.265948,-0.163955,0.698379
0.355487,-0.176717,0.598153
-0.365602,-0.221423,0.139273
-0.175113,0.233194,0.689790
-0.166786,-0.329946,0.619872
0.499093,-0.181042,0.237798
0.272284,-0.037642,0.767941
-0.081377,0.387371,0.971298
0.533230,-0.228023,0.437685
-0.032116,-0.257991,0.805637
0.327510,-0.340793,0.187434
0.285458,0.500323,0.351761
0.331517,-0.049848,0.912881
0.013066,-0.591065,0.334561
0.184215,0.318379,0.598140
-0.339427,-0.087425,0.101162
0.237388,0.200268,0.901356
-0.061070,-0.379222,0.584688
-0.386997,-0.263646,0.173338
-0.326207,-0.174789,0.629128
0.213876,-0.305417,0.965377
0.061608,-0.494445,0.235866
0.477524,0.310315,0.245624
0.026863,-0.351511,0.094148
-0.516923,-0.137810,0.291234
0.111460,0.275335,0.733823
-0.150711,0.215362,0.774110
-0.505787,-0.029251,0.200855
0.225586,-0.276749,0.940096
0.344161,-0.315531,0.473645
0.297486,0.222198,0.948987
-0.347003,0.131983,0.954511
0.353691,-0.530929,0.366623
-0.300853,-0.225485,0.594920
0.247511,-0.318420,0.126612
-0.293349,-0.205510,0.945876
0.047248,0.276207,0.880444
-0.531551,-0.009528,0.236541
-0.302153,-0.028858,0.871256
0.440422,-0.345732,0.314510
-0.172802,0.220614,0.725355
0.028900,0.305521,0.657052
-0.003857,-0.537477,0.240763
-0.330956,0.183081,0.598349
-0.267280,0.026366,0.812574
0.354914,-0.052592,0.949707
-0.135013,-0.263525,0.811900
-0.173312,-0.324117,0.939719
0.451934,-0.199329,0.218753
-0.132812,-0.617733,0.392550
0.270576,-0.079030,0.774016
-0.193902,-0.215268,0.831504
-0.528164,-0.323271,0.415436
-0.113632,0.520225,0.429599
0.051122,0.421619,0.134207
-0.296211,-0.059408,0.703674
0.375784,0.146212,0.160450
0.184834,0.327809,0.602543
-0.080216,-0.299639,0.712093
-0.205292,-0.429324,0.528264
0.531010,0.095578,0.415531
0.252301,0.415606,0.233176
-0.193596,-0.176881,0.824336
-0.259207,0.169908,0.733965
-0.497032,-0.310914,0.438961
0.331759,0.347561,0.479421
0.195594,-0.229052,0.669259
-0.029128,0.518280,0.235847
-0.258811,0.260756,0.102011
-0.363849,0.119816,0.134143
-0.226028,-0.149143,0.831920
0.260840,-0.032089,0.835466
0.144894,0.556038,0.450357
0.184362,0.300365,0.090077
0.180011,0.233086,0.816477
0.045951,-0.293307,0.687112
-0.221071,0.201272,0.670253
0.284620,-0.140618,0.722371
0.314366,0.139711,0.683784
-0.356971,-0.071721,0.107321
0.025585,-0.562329,0.340011
-0.546529,-0.024347,0.394986
-0.289214,0.192331,0.906351
0.190419,-0.467874,0.239697
-0.324184,-0.018564,0.630598
0.253316,-0.168601,0.006944
0.043511,0.606567,0.327829
-0.490683,-0.349278,0.407231
-0.282288,-0.318089,0.525059
0.311089,-0.205382,0.983680
0.273302,0.181389,0.015200
0.120899,-0.331099,0.630814
-0.145155,-0.326888,0.928412
0.179810,-0.215667,0.737179
-0.474534,-0.386870,0.372202
-0.275477,0.082342,0.735830
0.094207,-0.314456,0.712587
-0.119793,0.549125,0.341339
0.502266,0.182319,0.271039
-0.000072,-0.327116,0.630931
0.117112,-0.283369,0.724057
0.301309,-0.559019,0.356898
-0.275872,0.094086,0.884695
-0.042563,-0.389434,0.576517
-0.135491,-0.582761,0.422224
-0.086569,0.350392,0.641535
0.045540,-0.464950,0.481654
0.559437,-0.128038,0.259540
-0.167972,0.224881,0.887543
-0.067961,0.457999,0.193823
-0.297736,-0.173210,0.645071
0.273105,-0.263627,0.950064
-0.261190,-0.211394,0.045503
0.575161,-0.109538,0.263308
0.317817,-0.167984,0.945513
-0.098946,-0.392736,0.134383
-0.137466,-0.495077,0.503596
0.172858,0.355977,0.965691
-0.238852,0.370942,0.152663
0.124181,-0.312807,0.069604
-0.434829,0.314021,0.279575
0.059192,0.426597,0.146531
0.259546,0.108700,0.002941
0.087436,0.511344,0.488064
-0.485401,-0.255497,0.477966
0.339087,-0.175096,0.982711
-0.267443,0.216976,0.919123
0.076690,-0.302350,0.002423
0.358814,0.376349,0.444526
0.206507,-0.419954,0.195186
0.525417,-0.257264,0.374452
-0.587461,-0.009452,0.349944
-0.452618,0.132192,0.530062
0.296189,-0.192940,0.111034
0.049872,0.355530,0.943939
0.381623,-0.207844,0.541764
0.388420,-0.221550,0.186043
0.601199,-0.164284,0.423345
0.209453,-0.170790,0.838888
-0.531960,-0.086773,0.420565
-0.193105,-0.422484,0.527645
-0.287617,-0.060499,0.851991
-0.128543,0.381323,0.157541
0.371884,-0.021897,0.953587
0.385996,0.061064,0.960206
-0.005516,0.574631,0.257221
0.509833,-0.245231,0.306722
0.341862,-0.105621,0.624012
-0.057142,0.312155,0.903337
0.520091,-0.000708,0.227233
0.226760,-0.546050,0.418458
0.061725,-0.362281,0.978646
-0.329702,-0.159841,0.969002
-0.234345,0.183499,0.706751
0.499542,0.029037,0.446878
-0.406860,0.458112,0.303281
-0.263909,0.264628,0.953040
0.440126,0.247347,0.505909
0.248327,0.145818,0.882939
-0.023334,0.277145,0.815213
-0.540397,0.019182,0.447049
0.057501,-0.376517,0.120547
-0.499252,-0.311924,0.426471
-0.289980,-0.076326,0.783017
0.110745,-0.367383,0.981769
0.329542,-0.465766,0.452638
-0.283464,0.112553,0.862897
-0.461452,-0.368109,0.261713
0.298008,-0.160740,0.906525
0.528096,0.289504,0.291348
-0.462463,-0.377261,0.394545
0.052113,-0.309934,0.731213
-0.267740,0.131512,0.857940
-0.000186,-0.506267,0.203753
0.249126,-0.392359,0.534517
0.035971,-0.398044,0.533097
-0.307931,-0.072511,0.879417
-0.062453,-0.384461,0.572511
-0.152576,-0.584114,0.299498
-0.292124,0.262921,0.123907
0.475660,0.063940,0.474321
0.324529,-0.106085,0.058597
-0.278954,0.057412,0.868539
-0.153926,0.489306,0.482893
-0.001359,0.406642,0.536658
-0.419438,0.306784,0.258172
-0.240829,-0.128250,0.830508
-0.278573,-0.031209,0.770706
-0.323879,0.295845,0.161929
0.307576,0.163520,0.934692
0.594343,-0.072211,0.383223
0.414957,0.041098,0.153140
0.302613,-0.166942,0.100267
0.314936,0.063749,0.708599
-0.537051,-0.018320,0.247581
0.071602,-0.315964,0.702728
-0.159152,-0.263696,0.745818
-0.081898,-0.286884,0.009045
0.229495,0.161275,0.848820
0.165194,-0.189641,0.801767
-0.317575,-0.436102,0.413117
0.288615,-0.110606,0.735373
0.464512,-0.013871,0.503211
0.011541,-0.395620,0.555862
0.139373,-0.385952,0.168426
0.484652,-0.121098,0.500015
-0.088100,-0.451392,0.178405
-0.203391,-0.171952,0.818734
-0.393492,-0.067289,0.144010
-0.415143,-0.059968,0.530124
-0.187389,-0.226378,0.808215
-0.239598,-0.238632,0.921780
0.322530,0.002866,0.625934
0.303086,0.413089,0.426686
-0.435486,0.251080,0.483219
-0.080712,0.335335,0.913341
-0.135981,-0.264889,0.836117
0.459067,-0.026956,0.510128
-0.034825,0.348773,0.922444
0.212817,-0.530732,0.284507
-0.252156,0.263950,0.081640
-0.062896,-0.378530,0.979938
0.229913,0.143368,0.857071
-0.267454,-0.263892,0.571493
-0.315411,-0.040999,0.038673
0.155818,-0.287356,0.675005
0.221344,0.204130,0.655232
-0.408924,-0.056203,0.148747
0.346292,-0.401022,0.222631
-0.197890,-0.546966,0.280464
0.193617,0.308302,0.921534
0.220185,-0.289975,0.072648
0.044400,0.369944,0.080592
0.506502,0.252886,0.269503
0.487262,0.287679,0.458914
0.115924,-0.530313,0.388424
0.341579,-0.535544,0.366649
0.226283,-0.210795,0.630099
0.016161,-0.585697,0.345682
0.299693,-0.235410,0.566188
0.428792,-0.209723,0.513022
-0.547382,-0.130189,0.389129
-0.315751,-0.345952,0.183467
0.381569,-0.114930,0.135584
-0.540510,-0.048347,0.292125
0.017423,0.299304,0.890423
0.351142,-0.142566,0.982627
0.334957,0.110410,0.105569
-0.293932,-0.169734,0.920249
0.502857,-0.238728,0.301474
-0.019022,-0.536785,0.226611
-0.297270,-0.232031,0.093865
-0.486471,0.041557,0.194036
-0.054441,0.381310,0.113723
-0.544890,-0.229060,0.298189
-0.028267,-0.393425,0.975425
-0.304393,-0.123211,0.908506
0.029589,-0.286270,0.799520
0.264408,-0.055423,0.757181
-0.304431,-0.365267,0.472913
-0.158401,-0.584467,0.286525
0.349652,-0.485833,0.420948
-0.333238,-0.115658,0.613206
-0.103635,0.421740,0.519953
0.123241,-0.439682,0.540202
0.283815,-0.558481,0.321852
0.442824,-0.056301,0.154501
0.339953,0.045536,0.618226
-0.281330,-0.012436,0.709751
0.346348,0.140261,0.991999
-0.267603,0.006247,0.852757
-0.319382,0.045552,0.632810
0.082868,0.431017,0.547756
0.451307,-0.002323,0.166699
-0.015856,-0.351981,0.607372
-0.236673,0.205812,0.031347
0.158282,-0.546521,0.341829
0.007401,0.369789,0.098607
-0.083609,0.379084,0.988277
0.049534,-0.296007,0.764044
-0.188228,-0.524715,0.253018
0.061683,-0.277464,0.825944
-0.422469,0.352472,0.396673
0.237290,0.546468,0.339479
-0.322433,0.140683,0.643759
-0.032908,-0.561463,0.242288
0.190884,-0.275892,0.060072
0.361700,-0.255107,0.515362
0.292339,-0.013471,0.871705
-0.208227,0.496169,0.246970
0.285802,-0.462790,0.461837
0.345739,-0.003254,0.065224
-0.069981,0.371776,0.982772
0.401163,0.012760,0.124651
0.183285,0.228723,0.748289
0.096445,-0.548892,0.360776
0.116070,-0.329702,0.083513
-0.020493,0.334047,0.903575
0.329011,-0.129749,0.106452
0.029889,0.350494,0.066041
-0.085155,-0.628316,0.377251
0.159152,0.364550,0.157612
0.012582,-0.276388,0.703257
0.314766,0.104067,0.913939
-0.393189,-0.250102,0.175819
-0.152167,0.212311,0.773445
-0.244951,-0.381206,0.504624
0.294038,-0.253399,0.109463
-0.256338,0.526356,0.436350
0.402925,-0.127930,0.566291
-0.569183,0.177572,0.280385
-0.299097,0.217624,0.119838
0.116928,0.398041,0.572891
0.285297,0.104033,0.844551
0.555543,0.224353,0.358563
0.208937,-0.287027,0.063287
0.316091,0.014529,0.613626
-0.227110,-0.305672,0.940359
-0.284960,-0.234630,0.976163
-0.237936,-0.145264,0.843972
-0.368374,0.094901,0.101474
0.478044,0.203075,0.498470
0.175299,0.463216,0.511070
-0.139226,-0.383544,0.146201
0.273022,-0.223023,0.076242
-0.316214,0.035512,0.630885
-0.276280,0.227358,0.066112
0.140540,-0.243125,0.889800
0.486568,0.125510,0.472231
-0.323162,-0.230401,0.112120
0.618514,-0.113041,0.368256
-0.311267,0.146377,0.663749
-0.157245,0.465460,0.231173
-0.364591,0.376560,0.222963
-0.561223,-0.284067,0.353365
0.348414,-0.320041,0.181485
-0.043527,-0.332009,0.024701
-0.197579,0.300932,0.983170
-0.225164,0.204649,0.669413
-0.195177,-0.221461,0.845904
-0.209199,-0.217404,0.654676
0.421110,0.366066,0.234858
-0.280104,-0.146979,0.649306
-0.008841,-0.471162,0.496478
0.371928,0.382407,0.237645
0.085856,-0.523402,0.417141
0.328183,0.443337,0.383938
0.324895,0.196235,0.985081
-0.275798,-0.103637,0.859871
0.093743,-0.475402,0.234603
-0.233693,-0.209641,0.033252
-0.269889,-0.214067,0.605185
0.258958,0.169595,0.018527
-0.294313,-0.159550,0.929186
-0.375968,-0.035259,0.992175
0.481289,0.043381,0.463263
0.040091,-0.398609,0.130276
0.060070,0.310941,0.655073
-0.278168,0.064813,0.876074
-0.369274,0.102225,0.598459
-0.126573,-0.270257,0.805722
0.177163,-0.208386,0.758853
0.072259,-0.378472,0.119569
0.089337,0.367822,0.598417
0.084446,0.628773,0.339004
-0.338840,0.163348,0.950096
-0.184792,0.208500,0.759171
-0.074198,-0.374188,0.100316
-0.559036,-0.173265,0.325422
-0.563511,0.181406,0.434866
-0.300145,-0.231020,0.970451
-0.204199,0.189409,0.744205
0.163173,-0.202073,0.832028
-0.007126,-0.474332,0.181667
0.117778,-0.395961,0.570749
0.288762,-0.015702,0.727875
-0.222979,-0.534590,0.297330
-0.219955,-0.311154,0.946146
0.051442,-0.501697,0.235369
-0.202939,-0.223662,0.854727
0.265938,-0.077181,0.787851
-0.313106,0.208166,0.941825
-0.189839,0.204009,0.814483
0.277263,0.165719,0.663733
0.349495,-0.131126,0.626361
0.397780,0.224941,0.186877
0.295315,-0.186902,0.090795
-0.364768,0.472618,0.416407
0.548231,-0.029695,0.408012
0.383590,0.415498,0.320294
0.029147,0.568673,0.417434
0.139158,-0.534269,0.357673
-0.342367,0.286248,0.177590
-0.312255,0.121465,0.690859
0.166488,0.523567,0.261268
0.287699,0.430784,0.450994
0.170479,-0.209653,0.814367
-0.320222,-0.208326,0.108800
0.064910,-0.280290,0.869324
-0.253771,0.282139,0.959584
-0.355836,0.029833,0.581251
0.364146,-0.212835,0.546734
0.467060,-0.316370,0.310647
-0.249916,-0.171172,0.016836
-0.148761,-0.323566,0.633897
0.260827,0.132526,0.007578
-0.199562,0.297484,0.977359
-0.334183,-0.150414,0.111843
-0.280905,0.107225,0.777442
-0.107370,0.284435,0.014850
-0.098993,-0.324077,0.928436
0.028236,0.312913,0.013806
0.463568,-0.293786,0.417523
0.095182,0.344427,0.099210
-0.110184,-0.538987,0.472856
-0.262050,0.009343,0.798137
-0.064538,-0.602179,0.297206
-0.441942,0.298060,0.266877
-0.294295,0.385697,0.500659
-0.178788,-0.228636,0.785679
0.296445,-0.069798,0.675821
-0.116007,-0.285178,0.755418
0.295193,0.029971,0.771597
0.289246,0.056900,0.831921
0.106586,0.454101,0.535014
-0.244170,0.321998,0.559543
0.164774,0.257756,0.688511
0.384176,-0.115562,0.586443
-0.056553,0.568554,0.339856
-0.616436,0.163841,0.333264
0.195702,0.238664,0.003366
-0.122403,0.339384,0.934410
-0.462402,-0.136906,0.509672
-0.301506,0.169329,0.077854
0.253344,0.158251,0.900011
-0.003996,-0.292420,0.666706
0.369583,-0.071482,0.971162
0.039290,0.431252,0.154133
0.109798,0.608254,0.393738
0.017241,-0.525890,0.237613
-0.600674,0.177770,0.360551
0.467270,0.121135,0.213000
0.395635,0.123457,0.161804
0.325276,-0.038235,0.624174
-0.059289,-0.350683,0.091570
-0.558029,-0.053864,0.340984
0.285971,0.439343,0.441737
0.323146,-0.204098,0.975355
-0.254754,0.254208,0.579322
-0.281103,0.525863,0.288445
0.131955,-0.513146,0.288201
0.121290,-0.265635,0.824279
0.291895,0.035489,0.777121
-0.412320,-0.134560,0.556810
-0.183236,0.248814,0.655535
0.455076,-0.085975,0.522176
-0.146502,0.341202,0.994062
-0.118673,0.360145,0.988084
-0.170886,-0.263333,0.883238
0.287456,-0.198699,0.623601
-0.232144,-0.288084,0.105697
-0.348412,-0.137502,0.612594
0.203934,0.193409,0.700938
-0.024816,0.557266,0.399893
0.096000,-0.303010,0.681473
0.210736,0.242405,0.046054
0.569913,-0.224682,0.379293
0.293814,-0.100916,0.033761
-0.242452,-0.289550,0.536718
-0.145244,0.426680,0.197968
0.331306,-0.171164,0.124477
0.090048,-0.292071,0.801090
-0.021866,-0.266885,0.814959
0.181677,0.224307,0.812462
-0.262005,-0.218041,0.609028
0.247118,-0.548677,0.312641
0.036626,0.319110,0.027324
-0.027424,0.512132,0.235281
-0.340606,0.116567,0.949371
0.181291,-0.518776,0.443865
0.239282,0.165904,0.682270
-0.114741,-0.370881,0.602965
-0.250265,-0.130741,0.828814
-0.088359,-0.338057,0.624251
0.179676,0.261521,0.694084
0.503252,-0.111770,0.491193
0.181227,0.268353,0.029216
0.172535,-0.342032,0.604502
0.339632,0.019597,0.620940
-0.053545,-0.275982,0.880046
-0.114841,0.321154,0.675948
-0.298770,0.286167,0.539826
0.265236,-0.250092,0.575858
-0.333565,0.263837,0.515010
-0.293752,-0.063607,0.770287
-0.211829,-0.189854,0.702253
0.342812,0.025015,0.591267
-0.221678,-0.575080,0.398789
0.271090,-0.090358,0.762144
-0.343929,0.244310,0.531945
0.315631,-0.481300,0.249901
0.082766,0.631193,0.337318
-0.327483,-0.097440,0.077921
0.012580,0.413503,0.122189
0.075863,0.279411,0.890362
-0.178906,-0.207587,0.778112
0.486039,0.088169,0.227924
0.322809,-0.020730,0.026261
-0.099276,-0.313063,0.057533
-0.054928,0.456224,0.194255
-0.208808,-0.160869,0.826259
0.358870,0.129186,0.122665
-0.216642,-0.365331,0.169195
0.167596,-0.252159,0.726071
0.102745,-0.270251,0.839234
0.197808,0.208020,0.854373
0.236148,0.316294,0.966241
-0.188082,-0.289137,0.632367
-0.066374,0.296297,0.717441
0.306401,-0.144768,0.923477
-0.327108,-0.156327,0.939627
-0.277958,-0.117021,0.005680
0.016621,-0.278798,0.738341
0.227154,-0.206033,0.663563
-0.264767,0.064614,0.852280
-0.461071,-0.188911,0.218670
0.256892,0.136258,0.743963
0.286189,-0.147062,0.894809
0.270445,-0.211366,0.061187
0.493860,0.177063,0.248849
-0.321381,0.433739,0.473792
0.231016,-0.184119,0.875385
-0.253138,-0.153248,0.901201
-0.264382,0.565114,0.350827
-0.221022,0.291694,0.955277
-0.155480,-0.261801,0.873925
-0.217240,-0.541382,0.307722
0.221725,0.296984,0.930625
-0.380784,0.131705,0.133984
0.309397,-0.524971,0.283008
0.190688,-0.328753,0.604848
-0.125986,-0.378559,0.123495
0.197248,-0.513108,0.455507
-0.120200,-0.285973,0.782033
0.193495,-0.320934,0.114954
-0.172623,0.220855,0.717710
0.268261,0.128412,0.883085
0.239460,0.162933,0.901715
-0.241365,-0.160905,0.781551
0.303043,0.023920,0.679756
0.150623,-0.233995,0.786074
0.139795,0.351816,0.122055
0.178534,-0.399744,0.561539
-0.236032,0.301367,0.958723
0.298719,0.236556,0.956737
-0.236226,0.252210,0.596737
0.333645,0.019083,0.613945
0.119817,0.375655,0.595439
0.312572,0.409853,0.441516
0.604292,-0.093143,0.289945
-0.474151,0.211692,0.243913
-0.505270,-0.160119,0.467872
0.457072,0.167896,0.214967
0.474727,0.184883,0.234235
-0.293302,-0.217205,0.087578
-0.302933,0.491892,0.447436
-0.112376,0.371265,0.594767
0.236211,0.389620,0.519361
0.021925,-0.423083,0.145235
0.279388,-0.106406,0.834486
-0.199632,0.215642,0.676719
-0.226944,0.223482,0.622775
-0.120622,0.444096,0.199057
0.136070,0.266912,0.736015
-0.128752,0.300186,0.705387
0.256577,-0.530710,0.433912
0.268711,0.155229,0.688397
0.227388,-0.485616,0.249533
0.384195,0.138433,0.568873
-0.518891,-0.125368,0.411905
0.047889,-0.459706,0.484549
-0.281103,0.447185,0.487660
0.396483,-0.390265,0.402568
0.040993,-0.525612,0.238494
-0.317845,-0.389654,0.442233
-0.178176,0.216401,0.738556
0.218540,0.251804,0.613140
-0.311038,-0.211941,0.588333
0.163420,0.551347,0.443729
0.232683,-0.220629,0.895469
0.370986,-0.351983,0.219889
-0.263297,0.008257,0.733371
-0.215601,-0.543632,0.425342
-0.043208,-0.296607,0.006737
-0.342683,0.517245,0.395266
0.200682,0.289642,0.626697
-0.348958,0.167578,0.976955
-0.290836,-0.006204,0.861940
-0.100515,-0.269672,0.806073
-0.155263,-0.353994,0.966766
0.380347,0.138097,0.590068
0.277990,-0.148336,0.015554
0.147912,0.510571,0.237496
0.027924,0.271235,0.819857
0.548699,0.343875,0.363541
-0.263237,0.006508,0.807905
0.518299,-0.266710,0.355580
-0.249458,-0.407962,0.224149
-0.602465,0.032777,0.358653
0.307797,-0.375503,0.187203
0.386854,-0.126868,0.147218
-0.515144,-0.208152,0.450598
0.102510,-0.370201,0.976919
0.350039,-0.038012,0.934207
0.289995,0.054208,0.761704
-0.248457,-0.147117,0.750950
-0.128101,-0.314712,0.645239
-0.309351,-0.088742,0.725918
-0.194490,0.555311,0.347382
-0.032131,0.296420,0.874776
0.195246,-0.171857,0.783390
0.207217,-0.192787,0.784990
0.330085,0.387178,0.437049
-0.020666,-0.578360,0.408343
-0.089137,-0.269129,0.870122
-0.320965,0.078292,0.933385
-0.254011,0.190695,0.882563
-0.204784,0.407808,0.544557
-0.085293,-0.410387,0.154234
-0.402168,0.123797,0.582554
-0.213431,-0.437421,0.230079
-0.085718,-0.257993,0.874432
0.369792,-0.043896,0.942024
-0.162152,-0.365485,0.583268
0.288216,0.155809,0.655402
0.076726,0.426497,0.149078
-0.470438,-0.293252,0.239480
0.311083,0.049039,0.893037
-0.275622,0.082935,0.806039
-0.104016,0.283089,0.783319
0.149096,0.311423,0.067382
0.404915,0.119336,0.169453
0.297579,0.031546,0.678950
0.158048,0.287038,0.700715
0.564394,-0.229855,0.381796
-0.290124,0.549038,0.320259
0.370934,-0.154032,0.588855
0.313648,0.222512,0.096389
-0.505294,-0.386964,0.354068
-0.436652,-0.080432,0.513195
-0.345655,-0.391015,0.236089
0.187095,-0.266277,0.049385
-0.303626,0.251536,0.538510
-0.239202,-0.406379,0.220974
0.145588,0.586944,0.421798
0.089470,-0.391186,0.152854
-0.352048,-0.077443,0.609322
0.518550,0.286667,0.269328
-0.118700,0.428716,0.209109
0.247258,0.279825,0.982274
-0.012432,-0.412464,0.132535
-0.296256,0.204597,0.930594
-0.489786,-0.072374,0.460340
-0.256522,-0.210833,0.625455
-0.201045,0.206731,0.868170
0.556225,-0.049203,0.434382
0.006893,-0.369054,0.586639
-0.193884,-0.261627,0.056238
0.214543,0.303429,0.984236
-0.215117,0.226247,0.000455
-0.260141,0.246901,0.934402
-0.154032,-0.514962,0.477372
0.248036,0.139153,0.788190
0.195236,0.235880,0.670275
0.085557,-0.300734,0.701400
-0.207966,0.189571,0.735230
-0.149503,0.465976,0.224589
0.279217,0.216725,0.599915
0.472164,0.277650,0.228046
-0.271006,0.151270,0.045727
-0.593060,0.152372,0.305622
0.630621,-0.120660,0.325308
-0.199282,-0.334179,0.976853
0.091176,0.513659,0.215513
-0.130107,-0.291814,0.031387
0.300490,0.024200,0.885674
-0.016183,-0.473193,0.494646
-0.132164,0.317932,0.090845
-0.204152,-0.429976,0.220277
0.344564,-0.099231,0.974390
0.484843,-0.033301,0.184456
-0.548750,-0.197660,0.384183
0.301088,0.141269,0.898984
0.356459,0.145739,0.970273
-0.050808,0.378170,0.979411
0.287025,0.193078,0.075313
-0.077963,0.321526,0.033726
0.229114,-0.200458,0.866891
-0.105945,0.280706,0.813510
-0.272852,0.500839,0.268287
0.255474,-0.457701,0.221665
0.021275,-0.309071,0.028973
-0.159146,0.324128,0.627852
-0.507618,-0.007563,0.463551
-0.288993,-0.114651,0.896138
-0.101869,-0.592147,0.405582
0.259303,0.290225,0.543861
0.009569,-0.437914,0.499449
0.511397,0.357393,0.385979
-0.527357,-0.321392,0.400671
0.479036,-0.171765,0.507188
0.185280,0.344397,0.955871
0.056971,-0.366186,0.984756
-0.432091,0.351141,0.389034
0.034878,0.325512,0.659044
-0.281770,-0.024295,0.827031
0.123196,0.314344,0.069859
-0.407867,0.146241,0.566849
-0.255816,-0.153342,0.894674
0.043575,-0.331703,0.608374
0.146054,-0.343579,0.618750
0.274456,-0.231784,0.567504
-0.614703,0.053722,0.367237
0.427304,-0.254594,0.244667
0.258143,-0.197274,0.648660
-0.406927,0.028926,0.542984
0.209251,0.172057,0.765564
-0.291830,0.332436,0.152937
-0.007032,-0.266935,0.830264
-0.408737,-0.163066,0.183751
0.128265,0.308325,0.089141
0.235166,-0.280100,0.587194
-0.206034,-0.268792,0.631546
0.339003,0.354124,0.476020
0.163016,-0.345815,0.133157
-0.512045,-0.047217,0.437530
-0.175157,0.218512,0.850546
-0.320376,-0.047992,0.040340
-0.485905,-0.125462,0.237079
0.618029,-0.085761,0.301742
-0.133751,-0.306850,0.072048
-0.045289,0.302305,0.688899
-0.414296,0.237874,0.505709
0.310045,0.262737,0.546226
-0.306546,0.395497,0.484068
0.153914,-0.408316,0.556228
-0.287472,0.197303,0.618621
0.115320,-0.293319,0.051590
-0.139328,0.322482,0.661403
-0.194162,-0.189361,0.867740
0.424878,0.211544,0.191013
0.337436,0.376070,0.212513
-0.292516,0.188734,0.076855
0.335206,-0.193249,0.127818
-0.124956,-0.513206,0.222268
0.117120,0.621550,0.350413
-0.176490,0.573339,0.359204
0.345622,0.100067,0.088766
-0.180886,-0.222615,0.791436
0.569379,-0.196012,0.418961
-0.216655,-0.269583,0.603405
0.018963,-0.553080,0.406534
-0.410217,0.386335,0.416009
0.075406,-0.394459,0.138563
-0.528534,0.034376,0.448554
-0.139818,-0.548266,0.456161
-0.031234,0.572177,0.306976
-0.117971,-0.403419,0.563224
0.035261,0.343682,0.065344
-0.154165,0.257736,0.718633
-0.080622,0.366673,0.124821
-0.479838,0.197263,0.479311
0.134267,0.609083,0.291173
-0.417030,-0.319857,0.468559
-0.236870,-0.307851,0.115664
0.038454,0.273136,0.723286
0.052890,-0.385169,0.117339
-0.162563,-0.271382,0.703443
0.607896,-0.163283,0.381640
0.302671,-0.340680,0.160717
0.282477,-0.098386,0.010375
0.515965,-0.275663,0.375990
0.265484,-0.177713,0.718575
0.519025,-0.053253,0.464891
0.596326,-0.171637,0.323520
-0.173378,0.219078,0.764045
0.312863,0.343724,0.171707
0.292280,-0.137029,0.903311
-0.135082,0.324737,0.088573
0.193487,-0.218144,0.709868
0.323435,-0.009034,0.616094
-0.422209,-0.402485,0.300780
-0.071649,0.306998,0.721211
-0.223072,-0.371974,0.547605
0.148157,-0.218169,0.812220
0.256968,0.469189,0.456588
0.286905,-0.279558,0.541577
-0.068133,-0.342488,0.628434
0.302674,-0.158569,0.067916
-0.224144,0.326103,0.120919
0.316245,-0.199680,0.134765
0.134482,0.306384,0.668139
-0.039842,-0.264009,0.840961
0.514551,-0.238471,0.290006
-0.295258,-0.100571,0.718738
0.294738,0.408906,0.247919
0.412284,-0.101813,0.558951
-0.246602,-0.150561,0.781264
-0.051251,0.319000,0.640133
0.264802,-0.146356,0.822177
0.147866,-0.283501,0.059628
0.559269,-0.228164,0.429418
-0.174984,-0.231837,0.877097
0.122513,0.616907,0.307164
-0.227076,-0.161281,0.856195
-0.528392,-0.026860,0.248992
-0.405030,-0.019521,0.532356
0.368741,0.033340,0.572465
-0.024152,0.527289,0.429979
-0.039018,0.319505,0.636685
0.269518,0.166434,0.031929
-0.337665,0.322263,0.194785
-0.298610,0.099578,0.722047
-0.174068,-0.409248,0.182240
-0.491809,-0.061026,0.467366
-0.353694,0.105722,0.612275
0.192661,0.252303,0.895806
0.027578,0.313692,0.643027
-0.250515,0.529866,0.434840
0.219471,0.296146,0.928815
-0.026445,0.584626,0.329050
-0.295246,0.202835,0.927618
0.070548,0.576607,0.260212
-0.016350,0.503186,0.456772
0.085705,-0.398942,0.564709
-0.176248,0.205808,0.776623
-0.214014,0.194971,0.700408
0.076573,-0.374343,0.126575
0.042089,-0.365669,0.098681
-0.070436,-0.328527,0.660646
-0.274440,-0.153758,0.014314
0.344517,0.144685,0.124173
0.386165,-0.466669,0.335828
-0.206517,-0.211604,0.812125
0.520411,-0.204775,0.277650
0.248030,0.536628,0.391554
0.240123,0.217007,0.626317
0.255971,-0.180796,0.875379
-0.116980,0.268827,0.838085
0.333707,-0.086177,0.636617
0.011502,-0.291659,0.829036
0.073300,0.462071,0.177676
-0.411701,-0.419993,0.285814
-0.240118,0.371387,0.548918
0.180538,-0.381266,0.148527
-0.287171,-0.362047,0.498325
-0.048410,-0.371473,0.963008
-0.113728,0.490226,0.477927
0.338071,0.047010,0.071480
-0.274650,0.166773,0.727487
-0.108142,-0.512830,0.483746
0.365985,-0.224582,0.544465
-0.115243,0.302088,0.722880
-0.445244,0.117500,0.173268
0.340939,-0.313752,0.165188
-0.002009,0.299552,0.680673
-0.242153,-0.524321,0.350689
0.254370,-0.228955,0.586138
-0.225187,-0.240923,0.914684
0.297896,0.264820,0.125092
-0.162593,-0.230682,0.779505
0.309931,0.082898,0.696922
-0.059271,0.293124,0.787329
0.355278,-0.315800,0.191699
-0.118392,-0.518599,0.216647
0.136528,0.612764,0.392212
-0.131283,-0.342104,0.949290
-0.291378,-0.145245,0.066243
0.156189,-0.401683,0.174401
-0.142549,-0.267642,0.000184
0.281548,-0.548473,0.318614
-0.067663,-0.525883,0.220364
0.288494,0.164962,0.648174
-0.499858,0.082642,0.494409
0.552930,0.223772,0.397406
-0.102118,0.446090,0.205159
-0.090294,0.458957,0.212133
-0.525510,0.106547,0.464198
-0.234059,0.430489,0.206438
0.064836,0.579953,0.258114
0.256014,-0.309508,0.555926
0.377647,0.134006,0.594229
-0.292507,0.069414,0.741530
-0.221224,-0.281827,0.572441
0.123893,0.315563,0.661092
-0.281767,0.077137,0.741614
-0.206571,0.316758,0.101164
0.233063,-0.273314,0.074919
0.378086,0.124252,0.591940
0.292322,0.117371,0.046544
-0.322538,0.060558,0.050805
-0.119706,-0.441796,0.167580
0.204558,-0.209029,0.722770
-0.588379,-0.026508,0.316236
0.313636,-0.070572,0.000760
-0.201080,-0.370374,0.554216
0.540901,-0.165588,0.252439
0.364901,-0.469556,0.273547
0.246604,-0.190267,0.667386
0.504579,0.098573,0.470361
0.232094,-0.216972,0.040600
-0.304705,-0.464492,0.388390
0.350884,0.439198,0.373359
0.250022,0.144977,0.794618
0.297148,0.271450,0.111927
-0.369967,0.024836,0.569971
0.286546,0.129920,0.024983
-0.285428,0.164340,0.898905
0.252305,0.410801,0.209389
0.297772,0.084844,0.781206
0.223511,0.182476,0.714831
0.244742,0.150921,0.879044
0.454884,-0.327987,0.375979
-0.284366,-0.441117,0.430464
-0.185791,-0.220622,0.835017
0.636201,-0.080159,0.332489
-0.365615,-0.141033,0.147510
0.334939,-0.149315,0.617627
-0.304559,-0.437340,0.284101
-0.589117,0.202150,0.337901
-0.152651,-0.461730,0.517577
-0.503983,0.230487,0.455067
0.110621,0.292469,0.732511
0.343486,0.124425,0.937901
0.263898,-0.136834,0.835972
-0.401332,0.443958,0.364606
0.159301,-0.259197,0.706641
-0.478576,0.210628,0.252820
0.457971,0.205383,0.508494
-0.405803,-0.150092,0.176935
0.254028,0.157813,0.900689
-0.091049,-0.599270,0.291367
-0.463649,0.374839,0.338884
0.103171,-0.320871,0.899258
0.319777,0.243466,0.566288
0.289734,0.048584,0.756756
0.206962,0.201847,0.863039
0.314322,-0.119925,0.063118
-0.057979,0.373959,0.575668
-0.285217,-0.178116,0.931334
-0.238401,0.196627,0.006858
0.105519,0.489212,0.505831
0.246471,0.383359,0.203152
-0.454878,-0.304613,0.473128
-0.608648,0.140045,0.342364
0.496971,-0.129697,0.221895
0.301375,-0.552474,0.319629
0.208290,-0.443739,0.513843
0.534325,0.235782,0.299079
-0.492355,0.154647,0.233930
0.408113,0.008454,0.125560
0.273895,-0.382965,0.171627
-0.011755,0.307602,0.699496
-0.298647,0.143730,0.918644
0.025079,0.286861,0.686850
0.247607,0.152918,0.829755
0.430872,-0.114659,0.165276
-0.301269,-0.133833,0.686184
-0.365613,0.095083,0.973718
0.062334,-0.375449,0.951762
-0.313093,0.021269,0.011202
0.251906,-0.361532,0.154370
0.227485,-0.571553,0.357238
0.341145,0.049598,0.072571
-0.378801,0.025445,0.975896
0.324550,0.075226,0.061915
-0.357317,0.307266,0.477048
-0.255332,0.272158,0.970450
0.115635,-0.364895,0.953866
0.055781,0.424942,0.541977
-0.540259,-0.332531,0.320668
-0.422469,0.090614,0.558919
0.238933,-0.459578,0.225905
0.132568,-0.321321,0.086261
0.300070,0.132680,0.691778
0.113646,-0.367227,0.140792
0.290898,0.397145,0.212841
-0.207436,-0.323956,0.941815
0.279999,0.124395,0.030165
0.255865,0.141812,0.751661
0.459911,-0.191334,0.232368
0.229115,-0.276275,0.592732
-0.527469,0.148691,0.242753
0.137367,0.514463,0.489769
0.068287,0.420403,0.540099
-0.074188,0.285634,0.860270
-0.224931,0.304920,0.107763
0.276682,0.127108,0.715119
-0.164392,0.320632,0.626736
0.319376,0.101623,0.682171
0.351236,0.126365,0.938896
0.182562,-0.200312,0.739263
-0.200983,-0.425032,0.525786
0.025110,-0.337403,0.052495
-0.215894,-0.469160,0.478072
-0.151547,0.350131,0.952350
-0.146065,-0.249278,0.805810
0.398138,-0.370111,0.428001
0.326473,-0.162021,0.614580
-0.257304,0.161366,0.809702
0.200964,-0.184138,0.813158
-0.016449,-0.494322,0.196271
0.099031,0.433563,0.162121
-0.334973,-0.140794,0.629427
-0.075147,0.372075,0.939155
0.088475,0.331771,0.066693
-0.415992,0.006637,0.541627
-0.254587,-0.262645,0.947227
0.448199,0.072911,0.485868
-0.156805,0.394780,0.160305
-0.402957,0.347809,0.421991
0.049867,0.358121,0.081393
-0.058106,-0.276852,0.835375
0.085267,0.545023,0.458481
-0.261033,-0.166403,0.672211
0.257459,-0.482869,0.239451
0.287197,-0.140366,0.742092
0.258779,0.513600,0.353257
0.041993,0.291373,0.694460
-0.074715,0.531915,0.398231
-0.161914,0.250621,0.876263
-0.063428,0.317416,0.708060
-0.104084,-0.346767,0.089876
-0.277197,0.049900,0.760919
0.530415,0.175066,0.292838
0.141792,0.454977,0.200148
0.001125,0.371833,0.573269
0.072613,-0.518392,0.439289
0.389496,0.420513,0.385028
0.260615,0.176106,0.011106
-0.186687,-0.211551,0.815820
0.354489,0.209859,0.146351
-0.098186,-0.321305,0.063513
0.237589,0.495228,0.473445
-0.238446,-0.261562,0.082854
-0.171772,0.242431,0.681239
0.540403,0.285201,0.400804
-0.185477,-0.554640,0.283972
0.438746,0.008738,0.145067
0.006244,-0.305984,0.887324
0.252169,-0.174875,0.818678
0.099653,0.387026,0.129220
-0.325741,0.034619,0.918692
-0.055407,-0.284461,0.847921
-0.131668,0.397179,0.156089
-0.215458,-0.152230,0.838368
0.326126,0.061846,0.664412
-0.260928,0.541787,0.310520
-0.142775,0.507045,0.444478
-0.154728,-0.281903,0.713811
-0.230809,-0.230328,0.045016
-0.219755,-0.492340,0.259760
0.322554,-0.310767,0.510213
0.359873,-0.153455,0.141887
0.220493,0.168887,0.816564
-0.283971,-0.333355,0.169993
-0.193310,0.304719,0.084442
-0.122457,0.269929,0.866080
0.194187,-0.372063,0.149440
-0.290736,-0.053303,0.792847
-0.406091,0.151265,0.568550
0.189665,0.498434,0.485839
-0.029173,-0.472836,0.490063
0.188607,-0.207047,0.828461
-0.168369,-0.292451,0.895504
-0.068280,-0.371960,0.584279
0.195366,0.160581,0.831978
-0.146965,0.332118,0.935247
-0.276820,0.054781,0.832444
0.073320,-0.368278,0.577814
0.311846,0.220978,0.088600
0.147065,0.533682,0.248527
0.614096,-0.192306,0.363071
0.214295,0.268875,0.051071
-0.052234,-0.472810,0.510726
-0.425273,0.268860,0.243397
0.402238,-0.393929,0.417713
0.417326,0.191527,0.191609
-0.045231,-0.526801,0.465356
0.583314,-0.189575,0.303793
-0.143030,-0.449038,0.533257
-0.311724,0.358826,0.175085
0.352618,-0.073970,0.951385
0.183810,-0.536503,0.438923
-0.145719,-0.301851,0.085066
-0.059169,0.532077,0.417487
0.008209,-0.398314,0.136282
0.314015,-0.209084,0.595946
-0.298917,-0.355458,0.189234
-0.232687,0.208990,0.891479
0.319659,-0.039938,0.030836
0.420395,0.162312,0.546682
-0.270295,0.558089,0.338912
0.591111,-0.143344,0.276681
-0.245910,-0.228693,0.913244
0.354954,0.250039,0.153213
-0.273574,-0.110871,0.889386
0.509184,-0.005591,0.467736
0.288313,-0.137202,0.719568
-0.168973,0.434523,0.204931
0.001370,0.289685,0.713736
-0.037802,0.323549,0.610415
0.114657,0.568591,0.261647
0.131356,0.355814,0.957755
-0.100425,0.287541,0.740787
0.063788,-0.279656,0.828019
-0.321034,-0.055533,0.048840
0.052001,0.314217,0.654684
0.209082,-0.347284,0.577398
-0.565266,0.241349,0.367500
0.231011,0.333877,0.142950
-0.375081,-0.385204,0.242612
0.327959,0.114553,0.917034
0.460382,0.065078,0.194603
0.065534,-0.338252,0.059118
-0.130715,0.342506,0.106740
-0.441461,-0.413908,0.387600
-0.320920,0.114093,0.070688
0.327403,-0.012506,0.035540
0.306727,0.188924,0.089961
0.398858,-0.037940,0.548088
-0.100116,-0.275623,0.880640
0.373163,-0.006863,0.950498
0.145515,0.339238,0.107050
-0.120049,0.418578,0.537926
0.199241,0.182471,0.736029
0.336783,-0.021862,0.040263
-0.079013,0.291601,0.874096
0.004581,0.378906,0.939420
-0.538431,-0.151248,0.292598
0.287963,-0.257442,0.959006
-0.422869,-0.123711,0.538607
0.565724,0.054230,0.324692
-0.191689,0.375914,0.151536
-0.190219,-0.205319,0.736867
-0.559931,0.080437,0.440287
0.131481,0.564172,0.267159
-0.172444,0.237774,0.729819
-0.327545,0.159763,0.622120
0.282716,0.019637,0.811894
-0.435754,-0.425972,0.360278
0.368645,-0.501041,0.303147
0.186460,0.324955,0.129717
0.081433,-0.292682,0.839919
-0.231208,0.173717,0.730218
-0.032618,0.370036,0.096717
-0.290233,-0.147272,0.049861
0.252191,0.526258,0.345549
-0.159271,0.437428,0.202538
0.236260,-0.561714,0.367846
-0.402876,0.168414,0.559033
0.611212,-0.145427,0.386333
-0.080547,0.550731,0.318652
0.032804,0.422912,0.529138
-0.318490,-0.072958,0.765521
0.135174,-0.343453,0.657591
0.087650,-0.296951,0.745599
0.031294,0.379915,0.969431
0.099234,0.281713,0.752886
-0.276070,0.483976,0.254619
-0.313434,0.221508,0.956019
0.139328,0.342725,0.660324
0.141922,0.283638,0.724133
-0.014618,-0.281521,0.887231
-0.121866,0.324768,0.920402
0.516601,-0.251548,0.413602
-0.401384,-0.086476,0.140525
0.327970,0.069641,0.651465
-0.050984,-0.261975,0.797588
0.202549,0.436466,0.223014
-0.462868,0.276045,0.298085
-0.311621,0.131758,0.074145
0.478910,0.133097,0.470774
0.301360,-0.200656,0.996375
-0.076240,0.386303,0.137170
-0.225206,-0.173135,0.848035
-0.012248,0.338229,0.608910
-0.528466,-0.322606,0.403567
0.162164,-0.216659,0.808307
0.161784,0.344405,0.989845
-0.334773,0.181366,0.946459
-0.317378,-0.051292,0.681044
0.497451,0.381484,0.302597
-0.300116,-0.206763,0.994569
0.278326,-0.001065,0.707657
0.131893,-0.351658,0.950621
-0.426210,-0.049777,0.155748
0.090903,0.297932,0.702394
0.286031,0.227718,0.972073
0.241322,-0.236370,0.048063
-0.035345,-0.479978,0.490598
0.037050,-0.314703,0.020151
-0.549488,0.111730,0.241214
0.525882,0.162189,0.279002
-0.321119,-0.156285,0.627263
-0.394940,-0.015363,0.533249
0.357409,0.102381,0.620001
-0.411516,0.357910,0.408796
-0.219314,-0.296832,0.576199
0.363467,0.405489,0.269274
-0.063153,0.486328,0.456108
0.050756,0.314740,0.903710
-0.036082,-0.556386,0.427855
-0.275761,0.240171,0.997168
-0.173528,-0.214207,0.769498
-0.270630,0.198229,0.908760
-0.320935,0.155156,0.643429
0.209632,0.205687,0.860866
-0.443118,0.213300,0.506015
0.511873,-0.004989,0.448948
0.006853,-0.573348,0.314128
-0.102587,-0.271305,0.856808
0.188784,-0.501967,0.255275
0.279592,0.117723,0.892070
0.092402,-0.285279,0.835887
0.081668,-0.281943,0.780119
-0.267982,-0.421376,0.222810
0.309184,-0.184476,0.931558
0.365166,0.153078,0.587144
0.384033,0.242942,0.538123
0.256317,-0.137752,0.792363
-0.261334,0.164609,0.036793
0.498207,-0.178224,0.487880
-0.503932,0.076762,0.493544
-0.360524,0.158714,0.144726
0.101282,-0.272870,0.824256
-0.583972,0.131454,0.411780
0.139711,0.288216,0.033587
-0.490236,0.233143,0.273939
0.095624,0.348016,0.954639
0.420405,-0.288058,0.237648
0.279186,-0.373682,0.507656
0.289326,0.291059,0.118729
-0.204308,0.297267,0.091981
0.114988,-0.279240,0.817631
0.299698,0.044775,0.682249
0.304717,0.006107,0.642901
0.149002,0.347029,0.986750
0.287104,-0.133138,0.721338
-0.490600,0.057379,0.185684
0.187329,0.366658,0.567314
0.068600,0.293044,0.700755
0.342437,0.393484,0.436508
-0.325160,-0.161593,0.978181
0.107775,0.342598,0.947255
-0.272941,-0.255807,0.565556
0.623557,-0.089004,0.328568
-0.216662,-0.201348,0.666786
0.045561,0.499198,0.477547
0.258666,0.431382,0.243891
-0.090792,0.447840,0.489620
-0.262693,0.032436,0.803563
0.074227,0.313292,0.660649
0.339393,0.015349,0.606419
0.118288,-0.449586,0.213630
-0.268336,-0.107739,0.856104
-0.082736,-0.561313,0.258270
-0.391435,0.299420,0.221935
0.038953,0.267331,0.738557
-0.220213,-0.177075,0.745274
-0.372851,0.214424,0.174562
-0.054656,0.279460,0.818504
0.168299,-0.227058,0.718752
0.635937,-0.117024,0.352649
0.087157,-0.404137,0.161067
0.371535,-0.279679,0.192470
-0.470189,-0.312910,0.450290
-0.001281,0.589978,0.367506
0.239924,-0.349589,0.157745
-0.064766,-0.467577,0.513506
0.334389,0.427661,0.307875
0.260799,-0.027872,0.792522
0.267926,-0.104650,0.834928
-0.197200,0.201433,0.787681
-0.290240,0.098459,0.031248
-0.306531,0.195459,0.102133
-0.464624,-0.011960,0.485779
-0.067197,0.574184,0.358323
0.186101,0.294249,0.611511
0.410993,-0.164522,0.569633
-0.195539,-0.360947,0.568012
0.600843,-0.053501,0.284884
-0.148134,-0.439339,0.187324
-0.272968,0.537846,0.416718
0.116140,-0.349771,0.117975
0.011302,0.268962,0.770718
0.404050,-0.003059,0.114475
-0.409164,0.364244,0.417913
-0.489319,0.283592,0.363341
-0.175390,-0.454928,0.208445
-0.198969,0.554989,0.327451
-0.293240,0.106106,0.708412
-0.327465,0.458476,0.458518
0.557157,0.083881,0.349576
-0.230108,-0.141507,0.821084
-0.510860,-0.263055,0.454022
-0.174544,0.242586,0.014064
-0.308445,0.324852,0.504414
0.367207,0.089534,0.931056
-0.180138,0.465356,0.503288
-0.028036,-0.337103,0.049292
-0.271288,0.015481,0.746384
0.155745,0.360250,0.592002
0.272821,0.299713,0.134755
-0.351787,0.039431,0.623213
-0.298063,0.052778,0.678541
-0.267125,0.068315,0.827963
-0.504323,-0.319987,0.424015
-0.175089,0.244078,0.901312
-0.360699,0.281538,0.489173
-0.146979,0.272131,0.723788
-0.189023,-0.183909,0.850824
0.369833,0.080614,0.953823
-0.085487,-0.285803,0.769793
0.108443,-0.317383,0.917098
-0.326725,0.367096,0.182591
0.531085,0.100284,0.293380
-0.139697,-0.462334,0.512050
-0.191926,-0.216431,0.740097
0.012379,-0.562907,0.371743
0.182529,0.220505,0.775275
-0.335791,-0.162551,0.110960
-0.240454,0.210584,0.640341
0.412696,0.170214,0.186590
-0.312328,-0.354082,0.486938
-0.375620,-0.012762,0.977016
0.180884,-0.504703,0.256141
-0.229552,0.308431,0.572660
-0.313642,0.203025,0.992423
-0.017413,0.282272,0.713069
-0.296795,0.022667,0.001017
-0.619496,0.097303,0.354398
0.269192,0.129282,0.897438
0.308357,-0.081489,0.037819
0.186336,-0.376708,0.165088
0.162881,-0.226213,0.859723
-0.357316,0.024149,0.930705
-0.409809,0.395202,0.281590
-0.051167,-0.315799,0.009344
0.309494,-0.023644,0.019891
0.009708,-0.281414,0.731549
0.524192,0.338539,0.390724
0.111791,-0.339044,0.100437
-0.547825,0.160223,0.249027
0.557651,0.043757,0.294297
-0.010046,0.368001,0.950294
0.252619,-0.170315,0.828003
-0.415605,0.033131,0.552533
-0.006283,-0.287529,0.705700
-0.334510,0.129711,0.928497
0.403835,0.019952,0.543626
-0.435548,-0.339632,0.453540
-0.096698,0.463632,0.228064
0.253525,0.302356,0.109677
-0.135363,-0.318862,0.061318
-0.305146,-0.257565,0.549845
0.004627,0.271844,0.750172
0.450052,0.137432,0.514649
0.141608,-0.325791,0.641984
-0.092652,-0.271240,0.824370
0.207193,0.214852,0.683770
0.073938,-0.357311,0.931682
-0.296177,0.259199,0.555887
0.094894,-0.424860,0.522116
0.248186,-0.309682,0.109371
0.173733,0.262197,0.716201
-0.369208,0.043519,0.992320
0.053563,-0.466179,0.192642
0.477973,-0.132602,0.201347
-0.254910,-0.421429,0.475683
-0.172697,-0.252796,0.874680
0.308853,-0.088052,0.919824
0.204877,0.209228,0.842038
-0.245954,-0.218261,0.051200
-0.141512,-0.540745,0.467350
-0.372883,0.328515,0.217931
-0.290002,-0.175580,0.923395
-0.458324,0.150808,0.521528
0.399994,0.188116,0.159455
-0.215428,0.191695,0.832988
0.406461,0.004484,0.541109
-0.056302,-0.264291,0.816793
0.223263,-0.177473,0.756897
0.129102,0.268308,0.007952
0.299778,-0.249548,0.558519
0.010815,0.590550,0.319617
0.438643,0.073622,0.179295
-0.217453,0.470583,0.236142
-0.280227,0.107506,0.767951
0.176806,-0.280454,0.928462
-0.310187,-0.160761,0.933256
0.237474,0.138267,0.771758
0.082323,0.327419,0.648046
-0.050011,-0.315861,0.033880
-0.437473,0.022150,0.514488
-0.446951,-0.356334,0.427112
0.186189,0.234422,0.715388
-0.458785,-0.252295,0.484033
-0.169725,0.362583,0.144511
0.350968,0.108021,0.591042
-0.257690,0.264793,0.073330
-0.405242,-0.264302,0.181710
-0.523440,-0.282270,0.280139
-0.127036,0.343285,0.936061
-0.307089,0.088373,0.041248
-0.179114,0.336088,0.984176
-0.265669,0.048707,0.844257
0.085266,-0.351799,0.932712
-0.185166,-0.212714,0.733680
-0.513077,0.186031,0.481446
0.129473,0.270980,0.796589
0.052633,0.366320,0.998291
0.010930,-0.283501,0.768703
-0.078593,0.323386,0.031471
-0.183986,-0.545504,0.438403
0.206941,0.275623,0.920162
0.354774,0.436663,0.335343
0.187404,-0.281020,0.053167
-0.217539,-0.318706,0.574125
0.186444,0.244141,0.001354
0.419948,-0.276389,0.461452
0.335790,-0.459119,0.249404
-0.383719,-0.131844,0.585097
-0.411480,0.440039,0.306414
0.076388,0.435033,0.548541
-0.155354,0.248091,0.738836
-0.115437,-0.328351,0.081100
0.158272,0.527682,0.251062
0.007969,-0.370606,0.088829
0.360627,-0.062654,0.971750
-0.055238,-0.414159,0.128302
0.326238,0.173156,0.940767
-0.006494,0.322078,0.014743
0.353172,0.325440,0.488806
-0.258756,-0.155867,0.696723
-0.001521,0.366208,0.086582
-0.139869,0.407528,0.171787
0.304334,0.055442,0.718504
-0.319198,-0.387486,0.232996
-0.140232,-0.341589,0.120788
-0.288284,-0.113910,0.690521
0.252198,0.200261,0.022379
-0.188889,-0.594975,0.400194
0.369868,-0.178141,0.166644
0.414396,-0.281198,0.462036
0.278776,-0.058068,0.884274
0.407143,-0.416463,0.297083
-0.162714,-0.613801,0.399348
0.261975,0.523114,0.331762
0.546715,-0.006423,0.416147
0.112216,0.575615,0.430819
-0.289468,0.256149,0.957631
0.286807,-0.113733,0.771386
0.288029,-0.010154,0.878437
-0.120207,0.303338,0.697175
0.478071,-0.193818,0.234293
0.157712,0.256399,0.865766
0.058493,0.612946,0.336740
0.317800,0.128837,0.920592
-0.173203,-0.427898,0.201367
0.313739,0.154607,0.920492
-0.437472,-0.154685,0.202639
-0.263129,0.107738,0.807651
-0.117334,0.308865,0.915877
-0.052707,-0.385370,0.575555
-0.195319,-0.237680,0.680877
-0.194371,0.251153,0.037696
0.141673,0.605505,0.397566
0.300687,-0.515262,0.434430
-0.232413,-0.314045,0.981646
0.325313,-0.036331,0.642194
0.136552,0.370554,0.136902
0.403701,-0.090276,0.553255
0.313679,-0.102395,0.065050
0.284598,-0.160745,0.897334
-0.504788,0.262922,0.398916
0.063868,-0.294712,0.802313
-0.390367,0.034744,0.561051
0.152345,-0.324412,0.625183
-0.028469,0.332360,0.923442
0.040833,-0.557657,0.303211
0.222066,0.357227,0.173487
-0.120192,0.432945,0.191903
-0.270174,0.133450,0.833299
0.276142,0.379123,0.196831
-0.051273,0.314121,0.043441
-0.080267,-0.360924,0.089361
-0.074591,-0.302718,0.905287
0.325178,-0.537754,0.368610
0.325130,-0.211482,0.125948
-0.016716,0.405524,0.122375
-0.011101,-0.281312,0.803841
0.184870,0.276600,0.634353
-0.241514,-0.484658,0.442223
0.478771,0.055694,0.201000
0.422550,0.100129,0.187638
0.329285,-0.547188,0.347603
-0.065190,-0.378983,0.965326
-0.130916,0.412491,0.183389
-0.004131,-0.585718,0.300973
-0.176723,0.423405,0.539172
-0.410304,-0.158269,0.557400
0.086089,-0.562130,0.320913
0.176350,0.457604,0.512182
-0.176294,0.204545,0.790387
-0.168126,0.222583,0.761961
-0.155540,-0.295281,0.686247
0.070365,0.328103,0.924121
-0.238361,-0.220721,0.032710
0.012502,-0.458042,0.167470
0.047869,0.396801,0.116753
-0.342030,0.388567,0.214902
0.294840,0.083971,0.743176
-0.369429,-0.087725,0.959370
-0.558957,-0.015748,0.384497
-0.133064,-0.311950,0.921217
-0.291997,-0.077991,0.771823
0.214794,-0.246854,0.026343
0.219126,-0.321686,0.120805
0.323722,0.290861,0.138525
-0.219652,-0.140026,0.870244
-0.217114,-0.495032,0.269828
-0.590400,0.139319,0.420770
-0.082246,0.512977,0.246322
0.313649,0.434018,0.398446
0.008101,-0.581764,0.291525
0.436049,0.046082,0.149833
-0.452570,-0.074388,0.497997
0.273022,-0.010581,0.727349
-0.067436,-0.359134,0.989956
0.201350,0.346985,0.147151
0.360534,-0.505287,0.320231
-0.290343,-0.437415,0.274275
0.061315,-0.300457,0.873180
-0.054372,0.494570,0.228853
0.567486,-0.214416,0.317769
-0.207777,-0.430343,0.520286
0.036920,0.387910,0.102192
-0.216006,0.313396,0.993210
0.260319,0.528082,0.386195
0.350147,0.021403,0.591331
0.536201,0.269546,0.302646
0.196068,0.279488,0.070508
0.215304,-0.226994,0.635524
-0.247542,-0.202778,0.650455
-0.287410,0.104651,0.820678
-0.557226,-0.068906,0.356232
0.361991,-0.136655,0.615787
-0.226306,0.183594,0.752796
-0.240922,0.171924,0.719857
0.143210,0.288002,0.884139
0.226584,0.303444,0.112446
0.312018,0.045715,0.664323
-0.331223,-0.116757,0.100350
-0.412478,-0.191297,0.537962
-0.354593,-0.061196,0.093276
-0.043757,-0.617668,0.358497
0.213334,0.285687,0.598787
-0.511975,-0.271070,0.439576
0.297532,-0.107801,0.057344
-0.455669,-0.359109,0.443438
0.050214,-0.288777,0.779896
-0.356124,-0.015777,0.078223
0.233571,0.192223,0.685153
0.619933,-0.058424,0.352506
-0.206564,0.290278,0.071962
0.217227,0.417624,0.506718
-0.312974,-0.152495,0.082020
0.205835,0.193776,0.787088
-0.371741,0.384986,0.223848
-0.441063,-0.132740,0.511093
0.557588,0.027044,0.264934
0.226538,-0.194935,0.688054
0.022640,0.424430,0.134612
-0.328313,-0.163383,0.946713
-0.188572,-0.360495,0.152118
-0.291236,0.193213,0.634778
0.476173,-0.307053,0.345700
0.069196,-0.373569,0.567271
-0.161136,-0.263042,0.835994
-0.380591,-0.237566,0.162615
0.090020,-0.284140,0.029222
0.312094,0.203513,0.958757
0.233306,-0.221108,0.004645
-0.143174,0.276777,0.711500
0.388405,0.124991,0.572969
-0.183928,0.207347,0.744385
-0.214994,0.350136,0.136056
0.276171,-0.000076,0.831330
-0.075025,0.306234,0.802139
-0.332304,0.496177,0.423194
0.227390,-0.396005,0.160333
0.137376,-0.343190,0.125478
-0.300139,0.074818,0.031581
0.344833,-0.356966,0.190725
0.339659,0.032007,0.918542
-0.050072,-0.310098,0.685034
0.480235,0.262422,0.472659
0.274453,0.507974,0.358757
0.329964,-0.081607,0.068240
0.298186,-0.023783,0.707733
-0.348678,-0.401031,0.435056
-0.575900,0.194136,0.417905
0.413459,-0.425675,0.312898
-0.247267,0.147683,0.745032
-0.530327,-0.174919,0.292467
0.467996,0.386639,0.304411
-0.561116,-0.061973,0.362225
0.259659,0.292542,0.102288
-0.147111,0.313470,0.916835
0.005786,0.275033,0.735464
-0.030577,-0.272424,0.826061
-0.214374,-0.294117,0.103184
0.200243,-0.332323,0.585975
0.235800,-0.196020,0.013742
0.277182,0.229688,0.068592
0.365755,-0.023270,0.088511
0.319891,-0.431966,0.467909
-0.164834,0.220171,0.830617
-0.310846,-0.148420,0.670790
0.570198,0.283481,0.364020
0.099360,0.407577,0.562039
-0.137684,0.310962,0.908850
-0.466280,-0.029432,0.196267
0.534762,0.337369,0.327198
0.288767,-0.018566,0.885120
0.458518,-0.313412,0.332220
-0.430693,0.362544,0.309996
0.235861,-0.480678,0.238477
-0.418999,-0.012798,0.527116
0.012489,0.273616,0.719117
-0.359358,-0.110595,0.100049
0.223644,0.253488,0.042787
-0.194050,-0.221733,0.840308
0.150281,-0.231027,0.759377
0.386339,0.105748,0.150305
0.301495,0.175601,0.934362
-0.022235,0.561597,0.277973
0.289227,0.473089,0.297510
0.260173,0.170018,0.693137
0.008134,-0.342183,0.913420
0.018403,0.354941,0.588557
-0.000158,-0.289410,0.719887
-0.111865,0.422278,0.528959
-0.512782,0.186122,0.470412
-0.024845,-0.320707,0.915130
0.428600,-0.262720,0.231808
-0.361683,0.093915,0.953496
-0.359242,0.509189,0.388863
-0.165841,-0.257306,0.839385
0.004351,0.280886,0.840559
0.028772,0.331771,0.611123
0.195219,0.263019,0.060703
-0.066494,0.302087,0.878782
-0.366188,-0.145379,0.589127
-0.215874,-0.239061,0.016778
0.356761,-0.160878,0.122376
-0.080333,0.331250,0.912075
-0.003922,-0.374130,0.983436
-0.282487,-0.300528,0.141201
0.278345,-0.095036,0.837327
0.496560,-0.112446,0.213879
-0.323263,0.060145,0.921565
-0.466332,0.315765,0.312832
0.145555,-0.234624,0.810064
0.438814,0.061385,0.185123
-0.026678,-0.317333,0.906848
0.193747,-0.301656,0.614966
0.430963,-0.357408,0.292051
0.353879,0.044772,0.590420
-0.279794,-0.238155,0.988683
-0.467743,0.316460,0.371144
0.257333,0.119271,0.855301
0.107541,-0.360286,0.611028
-0.258636,0.162187,0.015344
-0.368593,-0.188470,0.581492
-0.186071,0.210972,0.736886
-0.122514,0.384882,0.579382
0.101614,-0.289784,0.871988
0.293603,-0.559074,0.367714
0.182084,0.241527,0.704442
-0.355562,-0.016116,0.934688
0.316118,0.386407,0.221423
0.315130,0.289926,0.131788
0.261330,0.264788,0.567873
0.068847,-0.280699,0.849018
0.104221,-0.470032,0.212921
-0.321978,0.112482,0.933851
0.141615,0.298191,0.695293
0.288115,0.045841,0.700075
0.263347,0.140129,0.881576
0.352851,-0.204057,0.961022
-0.220280,0.418933,0.188798
0.220650,0.205455,0.880151
0.345792,-0.170130,0.603066
0.341819,-0.173909,0.955667
-0.306272,0.134925,0.074989
-0.141428,0.252789,0.842471
0.069258,0.563833,0.241302
-0.385487,-0.211019,0.162836
0.037524,0.361091,0.953496
0.011211,0.295451,0.001025
0.383687,-0.183489,0.565758
0.280886,0.110931,0.791139
0.212967,0.527933,0.295196
0.508811,0.272709,0.267539
0.541801,0.128519,0.366179
0.328012,0.234845,0.556226
0.274142,-0.150169,0.686858
0.394738,-0.133116,0.152084
0.620265,-0.080439,0.384808
-0.344068,0.518089,0.412913
0.253442,-0.040541,0.811513
0.316056,-0.168743,0.920965
-0.128321,0.257410,0.811992
-0.478123,-0.290008,0.460939
-0.191941,-0.214652,0.820092
0.253841,0.509758,0.317048
0.036275,-0.288095,0.844345
-0.404177,-0.346792,0.454891
-0.225641,0.471398,0.493949
-0.031175,-0.439409,0.154072
-0.480473,0.149424,0.214959
0.226145,0.239108,0.618063
-0.353041,0.192731,0.586584
0.383715,0.347449,0.448583
-0.250395,0.159674,0.768558
-0.003608,0.374460,0.996094
0.320310,0.156208,0.644447
0.309415,0.392422,0.232293
0.322763,0.241373,0.566484
-0.014612,-0.572983,0.279132
0.189927,-0.199328,0.790429
-0.023150,0.467138,0.175279
-0.398910,0.238821,0.495130
0.359717,-0.263147,0.509751
-0.249777,0.399289,0.529294
-0.192826,-0.189362,0.733541
-0.096952,-0.519146,0.214598
-0.287642,-0.205408,0.614473
0.614627,-0.043652,0.348895
0.273181,0.113322,0.806778
0.245262,0.196620,0.643188
0.372985,-0.031543,0.975121
-0.517310,-0.226534,0.273263
-0.241235,0.249763,0.047794
0.336559,-0.129105,0.645056
0.431246,-0.274302,0.242463
0.408126,-0.370438,0.258858
0.361210,0.065771,0.929873
-0.342942,0.224395,0.150096
0.214450,-0.376652,0.568392
-0.369012,0.196892,0.173392
-0.157143,-0.404400,0.563063
0.151506,-0.308443,0.069642
-0.138797,-0.276676,0.839591
-0.060633,0.308409,0.734688
-0.087166,-0.431828,0.542965
0.327755,-0.123845,0.651176
-0.347653,0.171121,0.951391
-0.115622,0.295981,0.018118
-0.247889,-0.307389,0.547635
0.020126,0.477354,0.180924
-0.212097,0.356754,0.133866
-0.213960,0.219166,0.671515
0.261894,-0.424075,0.197373
-0.010474,-0.346505,0.058104
0.178297,-0.224278,0.855483
0.593874,0.012789,0.319047
0.242337,0.529469,0.389296
0.317495,-0.192625,0.947226
-0.217212,-0.153231,0.821857
0.494857,-0.172975,0.238376
-0.254742,0.215142,0.603849
0.116133,0.381188,0.595257
-0.209747,-0.268154,0.915269
0.075725,0.272117,0.794063
-0.097237,0.483130,0.471075
-0.312654,0.195261,0.922594
0.018329,-0.518384,0.437919
-0.540010,-0.148286,0.331483
-0.531103,-0.233415,0.435679
-0.514048,0.042894,0.216850
0.486214,-0.158660,0.492466
0.295982,-0.005483,0.662598
-0.401468,-0.002291,0.111075
-0.371059,-0.093436,0.995200
0.318799,0.015108,0.017601
0.041361,-0.499330,0.220443
-0.096221,-0.297058,0.039582
0.321717,0.168533,0.997016
0.193537,0.206554,0.754290
0.418501,0.156909,0.181182
-0.470419,0.221459,0.491267
-0.372787,-0.168811,0.583948
0.281013,0.152334,0.913554
0.432062,-0.140023,0.183923
0.401519,0.138733,0.554173
0.243927,0.362563,0.524059
0.136666,-0.548010,0.373905
-0.230456,-0.335249,0.547519
0.195730,-0.271883,0.921977
0.246821,-0.162285,0.699340
0.434052,-0.045425,0.528002
-0.394675,-0.318782,0.198956
-0.448506,-0.226634,0.219658
0.350267,0.033005,0.579779
-0.484073,0.080876,0.502607
-0.060807,0.305115,0.877634
0.319367,0.130767,0.653272
-0.447446,-0.421180,0.303472
0.274196,0.080204,0.812240
-0.391475,-0.416886,0.348172
0.532565,-0.125817,0.465712
-0.396791,0.228572,0.191983
-0.303823,-0.450666,0.380980
0.347790,0.020490,0.074481
-0.225369,0.288034,0.964077
0.482079,0.400782,0.319702
-0.014085,0.566576,0.382464
0.420137,0.066063,0.527248
-0.540058,0.028112,0.220639
0.080860,-0.466834,0.481021
-0.040043,-0.346322,0.996878
0.390522,-0.039458,0.563992
0.414828,-0.295151,0.460371
-0.094919,-0.341897,0.088417
0.030127,-0.468186,0.183576
-0.303976,-0.173867,0.074194
0.549869,0.061556,0.288671
0.052887,-0.555194,0.402022
-0.209145,-0.182377,0.706929
0.279440,-0.124551,0.881167
0.209770,0.496432,0.467826
0.479276,-0.218567,0.474844
0.229330,0.374900,0.169570
0.337235,0.144188,0.942136
-0.395597,-0.436580,0.359362
-0.235944,0.469107,0.232501
-0.400438,-0.083325,0.146615
-0.202521,0.196877,0.700390
0.193670,0.414953,0.527537
0.350743,-0.441079,0.251666
0.136454,-0.398846,0.577330
-0.109394,0.471144,0.234074
-0.137919,0.236608,0.878793
0.038594,-0.389516,0.130084
-0.570876,0.162447,0.454467
-0.089247,-0.277091,0.819436
0.385638,-0.220997,0.199738
0.150098,-0.246889,0.848171
-0.219575,-0.154540,0.848486
0.131868,-0.541934,0.343373
0.225786,0.525786,0.413760
0.305697,-0.462236,0.234610
0.003971,0.566228,0.276508
-0.484059,0.254469,0.464406
-0.431416,-0.351912,0.440780
-0.186901,0.369390,0.153745
0.133382,-0.254555,0.831178
-0.243940,-0.164327,0.701987
0.502980,-0.164429,0.234693
-0.054505,0.296178,0.731741
-0.109593,-0.340204,0.088450
0.205127,0.297996,0.094261
0.158537,0.295157,0.673604
-0.273102,-0.026888,0.744217
0.460030,-0.330287,0.355076
-0.397275,0.069823,0.571463
-0.257581,-0.098145,0.811488
0.368911,-0.117874,0.596652
0.105181,0.350404,0.982508
0.172850,-0.267295,0.032788
0.026767,-0.292042,0.744839
-0.277462,-0.480331,0.419193
-0.387085,0.366143,0.423080
0.188048,-0.210490,0.705004
0.364347,-0.070085,0.982920
-0.412967,0.362486,0.263327
-0.300694,0.172611,0.070291
-0.025382,-0.289611,0.838179
-0.512403,-0.079485,0.248046
0.171575,0.613845,0.359848
0.401171,-0.331766,0.252743
-0.146156,-0.289713,0.032985
-0.334772,0.129976,0.105076
-0.297763,0.183686,0.076235
-0.221701,-0.237428,0.013066
-0.148252,0.380905,0.166464
-0.216496,-0.201523,0.667374
0.369145,0.333115,0.475775
-0.251801,0.204570,0.030333
0.105343,-0.277572,0.857873
0.249518,0.297219,0.960706
-0.089567,-0.279199,0.895549
-0.134166,-0.582660,0.273154
-0.033095,-0.593416,0.283332
0.340256,0.070428,0.622002
0.136457,-0.261991,0.749391
-0.019244,0.305843,0.640362
0.272276,0.522398,0.342186
0.266964,0.204080,0.921265
-0.233434,-0.162402,0.733988
-0.059128,-0.288146,0.711066
-0.344837,-0.405003,0.438874
0.441932,-0.231364,0.230841
-0.223788,0.194274,0.700435
0.273346,0.208105,0.062098
-0.134385,0.501484,0.261086
0.100249,0.292987,0.018615
-0.067803,-0.366732,0.104841
0.044691,-0.298910,0.870679
-0.275681,0.034478,0.849583
-0.035481,0.448053,0.173994
-0.530441,0.150561,0.244470
-0.280009,-0.503299,0.372535
0.147235,0.267741,0.031673
-0.544807,-0.081947,0.284522
0.025950,0.314564,0.025363
0.057775,-0.558813,0.288170
-0.469136,-0.076600,0.211143
-0.293682,0.025036,0.883708
-0.508059,-0.049350,0.239872
-0.341464,0.509832,0.299044
0.278787,-0.362418,0.527291
0.363746,0.050903,0.582691
-0.047656,0.427572,0.510416
-0.227478,0.545922,0.414671
0.220319,0.482347,0.259486
-0.178664,-0.427321,0.197446
0.355123,0.057959,0.602646
-0.208956,-0.173968,0.749925
-0.031739,-0.572766,0.248692
-0.064162,0.389384,0.960664
-0.056238,0.359168,0.991605
-0.314596,0.089359,0.061922
-0.316935,0.508913,0.416414
-0.046966,0.378912,0.974426
-0.316687,-0.418431,0.418863
-0.046100,0.299643,0.802768
-0.171062,-0.473873,0.218241
-0.407034,0.444326,0.282712
0.156444,-0.237377,0.729570
0.577606,-0.198133,0.342518
-0.044356,-0.597094,0.390655
-0.329480,0.448608,0.227623
-0.245287,-0.183402,0.015504
0.052070,-0.295198,0.700904
-0.310326,0.366697,0.498159
-0.416650,-0.122355,0.182970
0.247834,0.247063,0.925920
-0.311800,0.026662,0.028891
-0.256234,0.158873,0.754848
-0.091356,0.532579,0.414455
0.048639,0.337534,0.925617
0.202270,0.188905,0.812315
0.326571,0.204061,0.106378
0.380661,0.052319,0.971098
0.453022,0.388085,0.294624
0.296935,-0.049496,0.029548
0.177726,0.343383,0.142386
-0.386301,0.326081,0.448495
0.292264,-0.017090,0.685090
-0.447130,0.313635,0.397897
0.311944,-0.347363,0.497301
-0.038381,0.443695,0.181084
0.312778,-0.085953,0.902057
-0.575242,0.214242,0.405728
-0.277086,-0.462150,0.282427
-0.159383,0.334762,0.620262
0.121160,0.439540,0.540369
0.198644,0.585355,0.311311
0.041086,0.502809,0.204424
-0.419852,-0.133116,0.545426
-0.394861,-0.166152,0.564796
-0.107972,-0.319957,0.931151
-0.379802,0.276742,0.210885
0.371655,0.424047,0.358141
-0.263385,-0.249833,0.582303
0.311620,0.261878,0.550294
0.567928,-0.208301,0.377760
0.020892,-0.327526,0.905921
-0.287529,-0.142184,0.053922
0.477663,0.397562,0.329636
-0.295606,0.055137,0.688894
0.289973,0.417340,0.234557
0.336873,-0.042822,0.922730
-0.445261,0.256868,0.252671
-0.179107,-0.271521,0.055756
0.393193,0.348895,0.202780
-0.281447,0.135606,0.767438
0.198499,0.329960,0.953206
-0.331901,-0.172858,0.982345
0.270597,-0.031239,0.802189
-0.423868,0.179134,0.546475
-0.165527,-0.620977,0.377779
0.415347,0.259090,0.189441
-0.000182,0.535130,0.446554
0.335886,0.337709,0.482745
0.136487,0.287337,0.059844
0.261013,0.429372,0.244301
-0.236169,-0.305775,0.962719
-0.617429,0.145947,0.345640
-0.315072,-0.168209,0.107426
-0.268556,-0.227973,0.057450
-0.171711,0.289860,0.662900
0.257776,-0.344275,0.149938
-0.404126,-0.051560,0.543630
0.262458,-0.264230,0.987252
0.077302,-0.290604,0.773233
-0.093983,-0.304526,0.731971
-0.397792,-0.015984,0.980625
0.250085,-0.434166,0.205613
-0.235781,-0.525930,0.307572
-0.006649,-0.284671,0.712969
0.283242,0.116599,0.867314
-0.278577,0.209093,0.595623
-0.311004,-0.468974,0.361129
0.530301,0.253373,0.444527
-0.297982,-0.012572,0.681110
-0.369442,-0.094622,0.945574
-0.022715,0.368416,0.106802
-0.103021,0.379770,0.959063
-0.051895,-0.382727,0.111521
0.383289,0.214512,0.173838
0.489106,0.032030,0.448240
0.360382,-0.165605,0.147357
-0.103717,-0.424591,0.553911
-0.538060,-0.199885,0.423244
0.076825,-0.544842,0.273667
-0.030505,0.290178,0.861720
-0.233955,-0.535854,0.391555
-0.216062,-0.149173,0.794677
-0.161434,0.503787,0.252398
-0.077876,0.295024,0.761019
-0.342260,0.031077,0.057880
0.289413,0.178095,0.648648
-0.060069,-0.284250,0.712578
0.486784,-0.289339,0.383512
0.239445,-0.159400,0.834151
-0.282755,-0.177109,0.626388
0.145453,0.598923,0.302288
0.296508,0.015929,0.786010
-0.550165,-0.156202,0.353452
0.008863,0.605316,0.317688
-0.130372,0.522489,0.386647
-0.152888,-0.258940,0.779682
0.208547,0.203138,0.732521
-0.331358,-0.246642,0.559355
-0.008436,-0.364174,0.963102
0.319115,0.070158,0.646389
-0.543231,-0.217293,0.411273
-0.046278,-0.256601,0.818926
-0.342074,0.152726,0.624591
-0.095188,0.283949,0.793151
0.182997,0.274785,0.672823
0.292168,-0.084094,0.892599
-0.311695,0.205372,0.947126
0.126043,0.352174,0.971857
0.281037,0.092881,0.773627
0.029111,0.298778,0.886342
0.283076,-0.527230,0.290404
0.112353,0.260701,0.812364
-0.170358,-0.313291,0.933746
0.461157,-0.266506,0.437667
-0.330182,0.292611,0.168778
-0.507221,-0.097322,0.244366
0.274342,0.405602,0.465374
0.054119,0.392073,0.118333
-0.226115,0.195316,0.752182
-0.214210,-0.477215,0.243783
-0.375841,0.034872,0.089365
0.317610,-0.440369,0.469576
-0.008237,-0.587277,0.360037
-0.296183,-0.134598,0.059786
-0.489168,0.215826,0.457085
-0.454398,-0.176710,0.215941
-0.337015,0.147663,0.111001
-0.353968,0.073535,0.092674
-0.118912,0.332847,0.648022
0.146349,0.270501,0.792361
0.400665,-0.091538,0.136793
0.309767,0.094864,0.708548
0.318365,0.105002,0.658091
0.308048,0.252682,0.551049
-0.330090,0.240902,0.548192
-0.278560,-0.016790,0.707432
-0.165359,0.455530,0.214421
-0.023430,-0.592033,0.284450
-0.310362,0.374419,0.497372
0.201944,0.196505,0.712555
-0.456336,0.220478,0.233453
-0.460479,0.167631,0.201997
-0.447769,-0.025481,0.508431
-0.172601,0.556840,0.391508
-0.324123,0.199724,0.969789
-0.299637,0.424752,0.477668
0.133467,0.289348,0.733802
-0.227836,0.286355,0.095585
-0.334942,-0.429311,0.289038
0.354595,-0.053903,0.993269
-0.262359,0.012126,0.790497
-0.276639,0.022448,0.820552
-0.071696,0.394619,0.132030
-0.234089,0.168744,0.806287
0.424925,-0.319669,0.420813
0.102030,0.308747,0.043391
-0.609301,0.134168,0.389869
0.307617,-0.111912,0.682477
-0.164411,-0.558253,0.433804
-0.301193,-0.249217,0.554093
-0.358048,-0.105315,0.948567
0.362396,0.036139,0.097893
-0.425354,-0.163110,0.539910
-0.302023,0.409317,0.198354
0.186028,0.256513,0.736807
-0.450050,0.299345,0.376765
-0.254413,0.022472,0.838285
-0.085065,-0.422235,0.556205
-0.306516,-0.225900,0.572643
0.013920,0.377000,0.948594
-0.223565,-0.163087,0.748377
-0.511539,0.031186,0.202264
-0.276601,0.170820,0.886875
-0.430561,-0.392029,0.273072
-0.501178,0.168654,0.480653
-0.274260,-0.424145,0.246136
0.509912,-0.254214,0.343951
-0.411346,-0.146193,0.182152
-0.208241,-0.240892,0.676263
-0.066986,0.354943,0.996856
-0.137231,0.238386,0.788303
0.372050,0.358026,0.230736
-0.269491,-0.228730,0.599915
-0.140019,0.456725,0.506775
0.085816,0.513965,0.206210
0.292397,-0.095897,0.704690
-0.165755,0.235601,0.893924
-0.012617,0.357513,0.071213
-0.051173,0.291087,0.750785
-0.344251,-0.416590,0.406669
-0.580976,-0.047052,0.323409
-0.337028,-0.159787,0.994031
-0.251326,0.545150,0.300910
0.450539,-0.144641,0.523098
-0.171067,0.340429,0.622709
0.240359,0.124847,0.822227
-0.523662,-0.377610,0.367684
0.255612,-0.141637,0.792260
0.186287,0.454445,0.220094
0.208671,0.306835,0.968643
0.433042,0.048224,0.510464
0.323920,-0.257542,0.159031
-0.356776,-0.077605,0.998788
0.011597,-0.279420,0.797745
0.351412,-0.016891,0.608343
0.082483,-0.327989,0.683121
-0.188064,-0.215313,0.745675
-0.076753,0.339341,0.083314
0.246352,0.137211,0.856341
-0.129411,0.302503,0.047079
0.317909,0.070854,0.043082
0.173911,-0.247119,0.004242
0.008310,-0.382818,0.988459
-0.170698,-0.335823,0.123771
-0.491371,-0.232287,0.254699
-0.384967,-0.373409,0.430853
-0.425679,0.041745,0.535189
0.263773,0.122571,0.777936
0.281377,-0.023525,0.699870
0.112153,0.278190,0.788459
0.336490,0.095649,0.915104
-0.442128,-0.042890,0.170914
0.228709,0.211051,0.878615
-0.367136,0.353340,0.459558
0.201513,-0.358989,0.578431
-0.275724,0.154407,0.050171
0.003316,0.548782,0.416133
-0.303334,-0.044846,0.845194
0.238573,0.547496,0.395582
-0.308052,0.449370,0.470328
0.370698,-0.102262,0.970420
0.052650,0.334520,0.933506
0.126106,-0.304189,0.068740
0.505161,-0.271177,0.355030
0.396993,-0.013744,0.119157
0.388791,0.001455,0.119354
0.410779,0.008888,0.134853
0.182734,0.210260,0.809530
-0.231071,-0.166280,0.712466
-0.507007,-0.092532,0.261361
0.228479,-0.345170,0.124485
0.546508,0.233404,0.308744
-0.589766,0.168479,0.401450
0.136397,-0.539847,0.305648
-0.312694,-0.401387,0.237700
-0.197205,0.301932,0.979097
0.146648,0.461837,0.194256
-0.303232,0.185313,0.091566
0.172530,0.254079,0.714541
0.192808,0.326768,0.121518
0.174472,-0.369407,0.136923
0.435393,0.165271,0.185954
0.213867,-0.319352,0.584469
0.256357,0.301642,0.108735
0.218612,0.385926,0.536315
0.450622,0.299410,0.473701
-0.273541,0.525031,0.434648
-0.301671,-0.098401,0.003587
-0.526627,0.208356,0.445269
0.212649,-0.200821,0.716436
-0.255968,-0.300141,0.968602
-0.222737,0.291792,0.084197
-0.335175,0.123924,0.634893
0.069871,0.361762,0.617812
-0.104362,-0.314762,0.920194
-0.340087,-0.058415,0.630965
-0.275230,-0.290161,0.543090
0.531416,0.105698,0.300096
0.389402,-0.392115,0.428538
0.224230,-0.178150,0.818711
-0.078879,-0.462961,0.182000
0.311907,0.182276,0.943852
-0.278561,0.399359,0.499665
-0.084432,0.544596,0.375966
-0.343588,0.181451,0.962619
0.217629,0.162541,0.824478
0.048084,0.352607,0.082764
-0.526174,0.180213,0.474152
0.211694,-0.236435,0.009534
0.175361,-0.288633,0.937272
-0.315155,-0.446020,0.315262
0.320739,0.044950,0.876525
-0.340229,0.004696,0.596387
0.478002,-0.221007,0.482733
0.007470,0.280037,0.730145
0.379498,0.083806,0.124044
-0.131503,0.243044,0.858899
-0.580504,0.217925,0.351110
0.535231,-0.143411,0.466661
0.270132,-0.022737,0.790974
0.486438,0.280350,0.466459
-0.200641,-0.199778,0.738531
-0.308286,0.226957,0.966304
-0.134666,-0.440240,0.537810
0.301389,-0.219748,0.121362
0.013280,-0.576837,0.289743
-0.285676,0.084911,0.750389
0.323348,0.077201,0.655275
0.343290,-0.173991,0.132513
0.552334,-0.239955,0.416015
-0.348562,-0.431413,0.327124
0.437337,-0.382305,0.365320
-0.297521,0.540092,0.394483
-0.196025,0.272778,0.914449
0.567355,-0.121870,0.261352
-0.330849,0.551049,0.353563
-0.490568,0.145321,0.205378
-0.216380,0.423471,0.525069
0.076517,0.352258,0.938107
-0.505849,0.211708,0.463917
0.006597,-0.352490,0.056856
-0.023851,-0.324855,0.634597
0.344793,0.105282,0.108986
-0.270536,0.511737,0.285751
0.110505,-0.294023,0.025091
0.289748,-0.515683,0.275079
-0.162069,0.309503,0.078495
0.107765,-0.330524,0.918279
-0.105049,-0.577494,0.429008
-0.158624,0.220159,0.759456
-0.504847,-0.105095,0.434837
0.242427,0.458162,0.460179
0.342734,0.064317,0.626353
0.083170,0.465183,0.516737
-0.271430,-0.138389,0.040347
0.059009,-0.332554,0.640835
0.312840,-0.189631,0.117984
0.442537,-0.362246,0.345481
0.295327,0.089019,0.868387
0.394179,-0.477241,0.381658
0.238402,0.183491,0.887712
0.407472,0.234261,0.186193
-0.113547,0.276333,0.760974
-0.141468,0.529052,0.415948
0.214434,-0.316232,0.986275
-0.273259,0.247076,0.952648
-0.129426,0.481144,0.242349
-0.333304,-0.082558,0.074185
0.394580,-0.147217,0.565101
-0.100615,0.497661,0.256086
0.269634,-0.510658,0.438733
-0.053642,-0.394915,0.567457
-0.481036,0.094569,0.499297
-0.018466,-0.578008,0.381939
-0.594786,0.010656,0.379275
-0.183490,-0.586537,0.348727
-0.168503,0.222998,0.875658
-0.360968,0.056955,0.995031
0.153189,0.605677,0.389794
-0.144786,0.332887,0.629346
0.402309,-0.017970,0.550114
-0.429887,-0.300338,0.474428
-0.305091,-0.312892,0.515747
-0.274284,0.529050,0.286385
-0.453616,-0.395569,0.305414
-0.018192,0.401669,0.545311
-0.309652,0.312190,0.158869
0.623154,-0.082621,0.335261
0.052891,-0.542377,0.279460
-0.351189,0.160093,0.598703
-0.324061,-0.127356,0.656845
-0.179688,0.452566,0.501502
-0.104571,-0.347667,0.956667
-0.147835,0.547423,0.365060
0.162250,-0.247921,0.721476
0.472394,-0.165512,0.214577
-0.144807,-0.261625,0.785465
0.089692,0.283087,0.806559
-0.443787,0.183482,0.218647
-0.082125,0.328028,0.908866
-0.238385,0.260952,0.934160
0.152025,0.246875,0.846537
-0.427478,-0.330042,0.451687
-0.142100,0.281178,0.029851
0.275817,0.474937,0.412804
0.401578,-0.161612,0.569511
0.336476,0.062589,0.079103
0.582191,-0.005273,0.292769
0.320442,0.245282,0.112218
-0.566993,0.209086,0.333783
-0.601321,0.054074,0.289552
-0.026955,-0.491497,0.185738
0.274953,-0.163813,0.041603
-0.429773,0.376206,0.336267
-0.089399,-0.313786,0.036643
0.360656,0.056635,0.988016
0.374887,0.057872,0.948082
-0.165454,0.276351,0.659768
-0.403602,0.353707,0.252066
-0.230801,0.202168,0.654858
-0.270281,0.149083,0.726292
-0.246158,-0.233932,0.612832
0.058146,0.278094,0.748468
-0.409226,0.384046,0.400737
-0.162805,0.289143,0.671471
0.486598,-0.022631,0.472156
0.273424,0.489494,0.402518
0.321947,0.109798,0.662695
0.176294,0.425170,0.190130
-0.041650,-0.258025,0.858653
0.158655,0.283391,0.700704
-0.453478,-0.286960,0.484985
-0.255262,-0.527585,0.359308
-0.080331,0.473901,0.211750
0.168404,-0.332111,0.965911
0.557227,-0.184230,0.444175
-0.021187,0.572650,0.280304
-0.226129,0.340740,0.570653
-0.507727,-0.152474,0.470645
-0.160982,0.275720,0.046141
0.423003,-0.426206,0.354884
0.299396,-0.020762,0.865329
-0.298553,0.051195,0.679233
-0.122843,-0.304180,0.910450
0.434297,0.155672,0.529727
-0.149191,-0.360378,0.595080
0.233577,0.525674,0.414021
-0.269438,0.165132,0.794706
0.503213,-0.004012,0.459142
0.122729,0.344790,0.938082
0.127761,-0.295871,0.720344
0.547492,0.241694,0.302820
0.183805,-0.288251,0.081394
0.530465,0.344674,0.336115
0.404982,0.026468,0.539326
0.291431,0.194798,0.622400
-0.102016,-0.518277,0.216698
-0.167936,0.219194,0.863705
0.308816,0.456473,0.346428
-0.000807,-0.288227,0.704903
-0.216943,-0.335881,0.148157
0.355332,0.230014,0.154721
-0.556237,-0.296765,0.349352
-0.445905,0.085738,0.170775
0.240577,-0.220732,0.896876
0.230007,-0.238128,0.599951
-0.329502,0.164008,0.988734
-0.304508,-0.108031,0.712134
-0.447115,0.324715,0.360354
0.133446,0.552302,0.466846
-0.103145,-0.455825,0.527405
-0.157896,-0.330201,0.997676
0.316108,0.198573,0.607160
0.123445,-0.290735,0.791443
0.487537,-0.294135,0.369368
-0.299428,0.187096,0.630910
-0.214333,0.474588,0.234887
0.138077,0.592764,0.416283
0.118005,-0.483024,0.225202
0.207681,0.590131,0.387557
0.375041,-0.489185,0.384921
-0.327160,0.538241,0.366864
0.098932,0.299389,0.028997
0.402877,-0.008669,0.544471
0.225158,-0.281161,0.583410
-0.156937,0.210994,0.783720
0.050836,0.372195,0.573437
-0.132538,-0.288555,0.736222
-0.211041,-0.169195,0.845094
0.208364,-0.381337,0.169103
-0.212630,-0.180006,0.704196
-0.392979,0.258484,0.494813
-0.285094,0.146028,0.687034
-0.194796,0.531097,0.425196
0.065284,0.343596,0.074007
-0.360706,0.509986,0.390265
-0.224749,-0.546777,0.325178
0.541058,-0.012517,0.250548
0.235927,-0.235135,0.030043
0.132394,0.468119,0.197825
0.091261,-0.380596,0.964565
0.308400,0.321315,0.162429
0.413623,-0.374626,0.392041
-0.065881,0.563844,0.334860
-0.473694,0.045991,0.501357
0.281625,0.380141,0.483667
-0.498302,-0.005851,0.468860
0.555399,-0.146814,0.265076
0.212014,-0.237841,0.023214
-0.222583,0.189290,0.691408
0.472596,0.320428,0.253485
-0.232938,-0.195961,0.629507
-0.051557,-0.329787,0.068385
0.420318,-0.282249,0.460404
0.022928,-0.550399,0.275377
0.289335,-0.238379,0.953233
-0.016691,-0.273017,0.804241
-0.308607,0.330367,0.171323
0.332079,-0.051701,0.649669
-0.075239,0.410363,0.146476
-0.527286,0.107076,0.461333
-0.367994,-0.363367,0.210211
-0.446221,-0.347503,0.444540
-0.131765,-0.303576,0.055284
-0.316493,-0.158812,0.105789
0.240295,0.248992,0.593023
0.221576,-0.544739,0.422088
-0.136367,-0.431059,0.545372
0.222868,0.283906,0.927357
-0.301188,-0.440093,0.276798
0.047851,0.363395,0.075794
-0.537541,-0.052818,0.388496
-0.617435,0.165190,0.330116
0.242592,0.529319,0.424204
-0.287738,0.193661,0.061887
-0.088823,0.279469,0.746278
-0.024684,-0.429548,0.155576
0.536202,0.186085,0.313077
-0.152384,0.332891,0.103073
0.336176,0.059618,0.618410
-0.194038,-0.224843,0.787736
0.292671,-0.165575,0.647706
-0.438761,-0.100441,0.190115
0.303442,-0.149585,0.076395
-0.343398,-0.268898,0.140897
0.159497,-0.311311,0.083016
-0.447708,-0.012499,0.169132
0.164047,-0.190014,0.808563
0.453205,0.328325,0.450355
-0.372270,0.035265,0.075642
-0.085486,0.350278,0.109722
-0.025933,0.407670,0.533099
-0.335279,-0.179579,0.976925
0.202764,0.187194,0.866879
0.311568,-0.200418,0.111866
-0.156513,0.309613,0.658431
0.249943,0.125388,0.824059
0.029419,0.276349,0.763605
-0.380253,0.445184,0.268359
-0.300349,0.209133,0.998427
0.555984,0.043377,0.274340
0.136055,0.331176,0.963358
-0.538679,-0.117823,0.395855
-0.064354,0.553856,0.395306
-0.178190,0.226269,0.730684
-0.154448,-0.303007,0.667487
-0.007715,-0.304165,0.883175
-0.361039,-0.087796,0.927084
-0.477348,0.263544,0.297518
-0.477876,0.242238,0.260706
-0.085856,0.284853,0.834234
0.494971,-0.028927,0.189735
0.400325,0.414230,0.300017
0.093966,-0.288802,0.803890
-0.088913,0.282350,0.879349
0.337786,-0.397317,0.219130
0.273667,-0.117738,0.802730
-0.290350,-0.286671,0.553958
0.143086,-0.238668,0.826779
0.300017,-0.354928,0.161357
-0.161788,0.331152,0.104805
0.230030,0.150444,0.838584
0.577579,-0.145887,0.436162
-0.032212,-0.427609,0.147000
0.178708,-0.183566,0.776216
0.324822,0.016845,0.891216
0.044153,-0.281985,0.769187
0.056701,-0.359064,0.083312
-0.018791,-0.381979,0.561820
0.280563,-0.008521,0.706965
0.324357,-0.160857,0.120466
0.286923,-0.238872,0.952317
-0.339953,0.390945,0.218394
0.157679,0.308570,0.663056
-0.592472,0.208513,0.354316
0.374350,0.034067,0.961315
-0.366968,-0.302805,0.507543
-0.134397,0.245997,0.817829
0.319394,0.010869,0.022954
0.374614,-0.142799,0.582505
-0.500204,0.269109,0.313045
0.212801,-0.252859,0.632141
-0.557725,-0.182431,0.390913
-0.410500,0.376206,0.376970
0.117692,0.549896,0.462978
-0.109434,-0.541715,0.473594
0.097754,0.282959,0.748494
0.286312,-0.122985,0.766620
0.265328,-0.458042,0.234400
-0.324657,-0.100673,0.914320
-0.044524,-0.346745,0.934645
0.038594,0.324246,0.651942
-0.366800,0.016971,0.994719
-0.018498,-0.485993,0.194935
-0.034878,0.372249,0.962064
-0.414328,0.322926,0.420012
0.364443,-0.130192,0.124472
-0.542552,0.221758,0.435598
0.196774,0.182262,0.795271
-0.200975,0.315342,0.592824
0.077201,0.380978,0.982264
0.369744,0.003530,0.577644
0.295551,-0.072848,0.699963
-0.253398,0.156180,0.816133
-0.317223,0.095458,0.678012
0.505490,0.120679,0.271301
-0.231960,0.274776,0.588451
0.281060,0.184943,0.929148
0.549491,0.219054,0.351313
-0.502665,-0.193934,0.271858
0.256807,-0.185355,0.029149
-0.006032,0.364448,0.079350
-0.440705,-0.086125,0.195217
-0.286888,0.148393,0.051973
-0.303202,-0.327652,0.505616
0.297361,-0.163819,0.675797
0.313556,0.457626,0.390895
-0.235683,-0.175850,0.710467
0.197688,-0.196561,0.791358
-0.364090,-0.238786,0.151978
-0.155174,0.292082,0.665745
0.318054,0.139648,0.100821
-0.549362,-0.139745,0.390721
-0.282145,-0.030867,0.773238
-0.434233,0.348727,0.351542
-0.345825,0.537001,0.331851
0.554712,0.305924,0.372445
-0.211540,0.292539,0.933577
-0.319533,-0.127422,0.658967
0.322867,-0.091933,0.668750
0.149838,-0.240995,0.798190
-0.146544,0.248782,0.731651
0.177641,-0.241656,0.700137
-0.336996,0.161371,0.608909
-0.181183,0.462492,0.228677
-0.264922,0.042679,0.846282
-0.213894,0.333774,0.120802
-0.095712,0.270531,0.794453
0.159191,-0.376783,0.139214
-0.502714,-0.253791,0.464978
0.411373,-0.069502,0.148468
-0.167980,-0.255513,0.760542
0.329163,-0.060232,0.651675
-0.330375,-0.058412,0.907553
-0.534467,-0.251655,0.295265
0.374144,-0.023187,0.572911
0.366007,-0.396826,0.238238
-0.167033,0.527659,0.438959
-0.268367,0.252249,0.562921
0.041381,-0.379105,0.961595
-0.340870,-0.072114,0.088874
0.561394,0.143205,0.333160
0.409719,-0.044875,0.127291
-0.569019,-0.051628,0.339880
0.053379,0.295025,0.009491
-0.146167,-0.383735,0.153732
0.138701,-0.344427,0.982476
-0.221422,0.321045,0.121391
-0.078797,-0.311606,0.025415
-0.044637,0.459178,0.482588
0.099933,-0.311944,0.891829
-0.570309,0.107661,0.441968
-0.100030,0.287591,0.891207
0.405286,0.034312,0.527260
-0.340010,0.533729,0.327725
0.248359,0.131756,0.807854
-0.427734,0.393219,0.323811
-0.280188,-0.137879,0.034679
-0.192779,-0.602069,0.394696
-0.385156,0.318919,0.224575
-0.294795,-0.211636,0.088068
-0.529037,0.031004,0.211279
0.038553,-0.372001,0.083650
-0.502111,-0.308748,0.263333
-0.420321,0.173064,0.546959
-0.208209,-0.246935,0.653108
-0.086590,0.328972,0.907400
0.297942,-0.192176,0.104302
0.425571,-0.295609,0.249662
0.061561,0.589243,0.413212
-0.093682,-0.330717,0.931634
0.377700,0.406285,0.269306
-0.299691,-0.346067,0.481879
0.527913,-0.010557,0.217927
-0.184040,-0.321054,0.972353
-0.311623,-0.051373,0.655049
-0.269029,0.397463,0.501845
0.584639,-0.032709,0.404041
-0.228894,0.221315,0.888608
-0.275572,0.248174,0.995869
-0.285848,0.001717,0.728272
0.021531,-0.345318,0.586439
0.296522,0.236274,0.948455
-0.045696,0.383001,0.976524
-0.349840,-0.186960,0.123710
0.121346,0.293697,0.871495
-0.285573,-0.050264,0.741254
-0.169439,-0.224019,0.789543
0.029644,0.415646,0.553563
-0.057569,0.381625,0.960652
-0.195158,-0.266297,0.642261
-0.389080,0.179414,0.556908
-0.197443,0.199019,0.817397
0.282952,-0.135488,0.053902
-0.418906,-0.416221,0.381899
0.050142,0.275595,0.759359
0.062774,0.320069,0.047347
-0.502558,-0.331100,0.277755
-0.470088,-0.227248,0.493830
0.141308,0.278308,0.774475
0.240348,0.181533,0.674415
-0.079835,0.293802,0.798116
0.324793,-0.208213,0.985758
0.095553,-0.356239,0.618013
0.260385,-0.190228,0.652020
-0.267733,-0.438377,0.256588
0.105823,-0.265176,0.860360
0.306157,-0.043542,0.008088
0.082003,-0.315849,0.671988
-0.017435,0.348322,0.060807
0.379872,0.145937,0.582125
0.071987,-0.276959,0.815057
0.341852,-0.115698,0.952896
-0.253681,0.538745,0.319963
-0.184009,-0.218896,0.750890
0.061422,0.331585,0.054719
-0.188953,-0.217076,0.844345
0.319279,0.153516,0.946706
0.207454,0.219034,0.886890
0.156323,-0.289177,0.682143
-0.317982,-0.282020,0.521718
-0.117975,-0.605365,0.292066
-0.393679,0.417642,0.266039
0.357052,-0.398534,0.231138
-0.157077,0.521552,0.281430
0.315523,0.368416,0.474569
0.147294,0.247120,0.754513
0.180233,0.218908,0.734790
-0.093088,-0.277895,0.801921
0.304859,-0.012985,0.675536
-0.280723,-0.050458,0.758061
-0.039759,0.353984,0.595658
0.537844,0.080770,0.290328
0.067743,-0.310715,0.703082
0.161060,0.342434,0.984153
-0.089012,-0.275618,0.861666
-0.080134,0.544381,0.290595
0.054639,-0.329917,0.640819
-0.382935,-0.385910,0.233242
-0.563927,0.223156,0.332955
-0.033348,0.377243,0.561054
-0.312324,-0.195138,0.995471
-0.131873,-0.359891,0.948272
0.298392,0.068180,0.010975
-0.108376,0.293992,0.877593
0.017035,-0.382790,0.954803
-0.032661,0.290922,0.806948
-0.083976,-0.578475,0.271294
-0.301460,0.200045,0.601108
-0.150399,-0.346038,0.624149
0.354572,-0.185844,0.584055
0.240587,0.418580,0.209694
0.514050,-0.265131,0.344143
0.212794,-0.176349,0.817407
-0.565137,-0.034189,0.284421
0.421454,0.123357,0.193723
0.168736,-0.439972,0.202558
-0.248806,-0.159599,0.718573
-0.144247,0.342231,0.963193
0.446981,0.122215,0.206273
-0.376327,0.324746,0.449403
0.544179,0.271757,0.293370
-0.514602,0.174555,0.254916
0.282349,0.122180,0.006945
-0.164813,-0.271620,0.889900
-0.420286,-0.411620,0.301027
0.031658,0.272640,0.710399
-0.228366,-0.243080,0.914695
0.245075,0.480074,0.449542
0.252326,0.261190,0.075854
-0.236355,0.289420,0.950406
0.140483,0.303107,0.909694
-0.363322,0.079328,0.110786
-0.553694,-0.247589,0.370361
-0.257938,0.060736,0.822445
-0.400152,-0.099710,0.157108
0.289556,-0.410547,0.497367
0.367238,-0.025914,0.575085
0.549870,0.273148,0.316555
-0.203976,-0.174414,0.835790
0.374614,0.050863,0.571003
-0.291568,-0.039234,0.850747
-0.255250,0.181047,0.703132
0.537913,0.029095,0.418941
0.378872,-0.167525,0.158464
-0.236267,0.191443,0.652706
-0.567112,-0.031234,0.359035
0.040786,-0.466681,0.479845
-0.328879,-0.208861,0.127127
0.176355,-0.208379,0.780797
0.287118,0.123012,0.825817
0.380845,0.068831,0.976161
0.155788,0.354567,0.607827
-0.364512,-0.376809,0.221266
-0.239706,-0.224290,0.908272
0.129931,0.289507,0.013181
0.548460,0.198684,0.415218
-0.544198,-0.128838,0.385712
0.325754,-0.228613,0.557174
0.238321,0.549972,0.344309
-0.487058,0.236021,0.453919
0.172390,-0.287603,0.674110
0.186509,-0.425755,0.539277
-0.235850,-0.214041,0.013633
-0.008423,-0.442879,0.157929
-0.292793,0.132769,0.026678
-0.001129,-0.381631,0.958110
0.387025,0.411488,0.295596
0.222347,0.196264,0.868893
-0.417141,-0.151845,0.540292
0.152302,-0.390003,0.560787
0.377421,-0.241926,0.191616
-0.343854,0.087907,0.085630
-0.452722,-0.128122,0.511196
0.535444,-0.030599,0.228485
0.319676,-0.225682,0.972167
-0.281793,0.003971,0.749770
-0.139532,0.341704,0.100587
-0.051069,0.584101,0.333060
-0.158665,0.232358,0.705742
0.302663,0.106855,0.686986
0.221399,0.270919,0.616191
-0.369343,-0.013900,0.948254
-0.309142,0.132683,0.056661
-0.089047,0.300493,0.880719
-0.364883,0.035798,0.585977
-0.113779,0.267290,0.816117
0.354998,-0.061806,0.080157
0.310435,0.253127,0.115251
-0.051954,0.285641,0.810389
0.167207,-0.249943,0.708544
-0.456983,0.280948,0.293917
0.015602,0.558400,0.409710
0.132751,-0.255586,0.772509
0.226069,-0.184964,0.748496
0.216989,0.199026,0.734936
0.355692,-0.165237,0.960387
-0.209052,0.198839,0.868212
0.168848,-0.355061,0.596160
0.140117,-0.235515,0.822772
-0.101312,0.280940,0.755176
-0.353434,0.010634,0.579467
-0.273752,0.386884,0.178064
-0.320404,0.021051,0.641041
-0.023589,0.340750,0.619679
-0.118565,0.411381,0.182217
0.268555,0.109013,0.789152
0.194694,0.178234,0.788827
0.098279,-0.283596,0.828182
-0.383357,0.133546,0.592214
-0.049226,0.366700,0.953478
0.418402,0.231574,0.185174
-0.336288,-0.107984,0.920406
-0.180374,-0.443811,0.210960
-0.105440,0.558450,0.364055
-0.247319,0.276924,0.087737
-0.526549,-0.364468,0.308016
-0.208411,-0.263306,0.043902
0.246129,0.314644,0.544568
-0.563889,0.149228,0.449174
-0.363083,-0.056171,0.592001
-0.247018,0.166124,0.766730
-0.072500,-0.450610,0.170658
-0.237142,-0.220719,0.909778
-0.501681,-0.116141,0.253304
-0.402358,-0.162836,0.554264
0.328788,-0.224728,0.959984
0.009223,0.563935,0.274278
0.132895,-0.248315,0.853602
-0.358498,0.103757,0.967313
-0.136424,0.247936,0.780837
-0.012525,-0.351358,0.928909
0.222192,-0.301260,0.981298
-0.423407,-0.293173,0.207534
0.256131,-0.124261,0.830229
0.002712,0.340308,0.060340
0.489791,0.214261,0.245750
-0.322001,-0.178453,0.087312
-0.253066,0.067738,0.797802
0.473019,0.224863,0.236592
0.334837,-0.537500,0.383979
0.220041,-0.220886,0.006338
-0.314038,0.021184,0.642188
-0.169421,0.364460,0.596699
0.282218,0.132871,0.701982
0.183436,-0.210049,0.721005
0.312006,-0.103592,0.064508
-0.190928,-0.415222,0.531650
-0.239557,0.174987,0.786577
0.121022,0.280151,0.784058
-0.238366,0.178705,0.708110
0.233207,0.309563,0.958591
0.325440,-0.142181,0.645677
0.262024,0.119215,0.807122
0.497510,0.095995,0.453470
0.435585,0.061605,0.523204
-0.283467,-0.124904,0.032904
-0.514697,0.056674,0.469102
-0.259244,0.316764,0.117166
-0.201436,0.477674,0.500971
0.117749,0.518279,0.218702
-0.312255,-0.001042,0.008418
0.432918,0.146792,0.534019
0.356820,-0.177717,0.592549
0.285959,-0.233510,0.999759
-0.246694,0.280842,0.963036
-0.002318,-0.360278,0.586620
-0.123879,0.332684,0.652849
0.139023,0.270872,0.821449
0.252678,0.162824,0.666571
-0.306901,-0.048022,0.003734
0.476530,0.234757,0.482502
0.150455,-0.273099,0.693947
0.097637,-0.459097,0.484869
0.376162,-0.118139,0.583609
0.349490,-0.129108,0.987208
-0.494123,0.305415,0.345577
0.129838,-0.342594,0.110483
-0.366356,-0.445485,0.348289
0.113469,0.363637,0.123454
-0.423524,-0.057560,0.154936
-0.019310,0.278722,0.768235
0.191288,0.235711,0.699161
0.033080,-0.577859,0.344303
-0.190286,-0.205220,0.731174
-0.213680,0.306620,0.990851
-0.287922,-0.237655,0.960126
0.083996,0.405088,0.557011
-0.506761,-0.104419,0.451414
-0.226183,0.323851,0.574854
0.368240,0.236669,0.546164
0.341911,-0.484677,0.268849
0.256768,-0.101876,0.774251
-0.192973,0.195854,0.797105
-0.068725,0.356250,0.586528
0.353943,0.218486,0.569813
-0.274056,0.016373,0.857645
-0.003019,-0.412158,0.123028
-0.035765,0.428743,0.161773
0.542686,-0.095560,0.470620
-0.212998,-0.217565,0.668832
0.317618,-0.150611,0.934555
0.290327,-0.156712,0.688823
-0.301834,-0.477992,0.398557
0.050939,0.391068,0.108756
-0.304475,-0.386430,0.231920
-0.328746,0.535836,0.318616
-0.387980,-0.014146,0.967936
-0.281950,0.228022,0.925319
0.301215,0.030063,0.672551
-0.245415,0.191584,0.880063
0.338045,0.159630,0.952332
0.276778,-0.133884,0.795719
-0.054384,0.399676,0.554000
0.322074,0.057760,0.896688
-0.396492,0.218092,0.533868
-0.052431,-0.308245,0.028587
0.490756,-0.149572,0.497651
-0.249802,0.165970,0.780432
-0.235944,0.262485,0.583732
0.253030,0.146766,0.713264
0.296503,-0.014353,0.888519
0.335577,0.087942,0.079883
0.321982,0.076422,0.066448
0.384932,0.036159,0.569137
-0.236225,-0.542038,0.418451
-0.060621,0.540932,0.382813
0.334639,-0.469337,0.256297
0.004918,-0.297628,0.880743
0.104513,-0.358068,0.958362
0.271858,0.461154,0.438801
-0.208783,-0.464386,0.491363
0.614625,-0.127550,0.376785
0.210441,-0.339977,0.123372
0.111613,0.368798,0.596510
0.549424,0.210863,0.414505
-0.299826,-0.001208,0.874397
0.078187,0.345689,0.084441
0.302849,0.035752,0.657505
0.157631,0.292621,0.063956
-0.251386,0.245520,0.609726
-0.158380,-0.280734,0.662879
0.270022,0.453277,0.272711
0.088240,0.427904,0.155062
0.227593,0.541580,0.312065
0.166854,-0.558718,0.356912
0.074164,0.269292,0.853084
0.410100,0.364808,0.231607
0.286526,-0.427464,0.492411
-0.104757,-0.357759,0.954520
0.191969,0.226212,0.654931
-0.085955,0.297217,0.781423
0.290295,-0.105961,0.005607
0.183128,0.580292,0.413568
0.113710,-0.304476,0.049249
-0.297018,0.011647,0.690822
0.070432,-0.376737,0.974840
-0.130319,0.301421,0.052985
-0.238779,0.178117,0.663780
0.239150,0.239744,0.615434
-0.164047,-0.403996,0.175912
0.316435,-0.081238,0.923557
-0.212601,0.258804,0.932130
-0.342851,0.315731,0.187313
-0.027269,-0.549881,0.417395
-0.190643,-0.344701,0.596758
0.040725,-0.322746,0.897087
0.193602,0.292139,0.602511
0.152716,-0.276500,0.051192
0.265667,-0.162266,0.005957
-0.165356,-0.345214,0.939511
0.373806,0.085439,0.988007
-0.261834,-0.123508,0.795269
-0.378752,0.081455,0.599876
0.566271,-0.226896,0.350543
-0.289572,-0.094113,0.015921
-0.597231,0.128142,0.406962
-0.314099,0.053254,0.659502
-0.076667,0.530661,0.282858
0.399846,-0.093094,0.577834
-0.170309,-0.266615,0.014727
-0.087550,-0.318293,0.047817
-0.249653,-0.254179,0.060586
0.162024,0.292264,0.660429
-0.175569,-0.422401,0.534513
0.118487,0.406083,0.159451
0.180905,0.212116,0.843077
-0.293966,0.109165,0.707926
-0.491409,-0.036599,0.197726
-0.522958,-0.142341,0.261217
0.253474,-0.104924,0.829150
-0.257087,0.357149,0.158529
-0.053287,-0.318320,0.034102
-0.224316,0.533592,0.304143
0.083512,-0.363451,0.120442
-0.203666,-0.242309,0.644236
-0.543743,0.221344,0.317131
-0.311350,0.200048,0.598957
-0.271629,0.080221,0.769182
-0.542518,-0.227756,0.323736
0.160128,-0.294294,0.924196
0.064158,0.367485,0.981331
-0.154389,0.380722,0.580876
-0.054545,-0.468708,0.500157
-0.287789,0.230131,0.079274
-0.200992,-0.241909,0.653972
0.365522,-0.036331,0.998833
-0.397472,-0.043676,0.547341
0.349460,-0.450665,0.252740
0.413418,0.055259,0.154043
-0.209538,-0.296680,0.583815
-0.177384,-0.248441,0.003424
-0.413325,-0.094785,0.159695
0.352623,0.198236,0.147686
0.003899,0.334255,0.915869
-0.242476,-0.168532,0.714793
0.285594,0.063014,0.775902
-0.449999,-0.040232,0.501414
-0.300486,-0.108285,0.710066
0.462609,-0.033585,0.500938
0.603284,-0.108126,0.400460
-0.360259,-0.205409,0.143880
0.299984,-0.190724,0.609098
-0.378763,-0.334089,0.470590
-0.472837,-0.220932,0.491098
-0.253675,0.216777,0.906994
0.051864,-0.340346,0.916952
0.290524,0.464347,0.403360
0.234498,0.544332,0.373251
-0.278785,-0.395498,0.480353
-0.018831,-0.605640,0.365412
0.521246,0.307916,0.437757
0.404313,-0.019145,0.119057
0.083281,-0.298402,0.015094
0.064102,0.308534,0.665760
0.038504,-0.453411,0.492215
0.283700,0.435609,0.446756
0.067271,-0.334360,0.620229
-0.109603,0.391559,0.146654
0.088278,0.263208,0.878326
-0.254337,0.259239,0.070849
-0.309177,-0.178161,0.623159
-0.369447,-0.225128,0.146657
-0.170396,0.229138,0.876746
-0.021602,-0.376653,0.972430
-0.627772,0.090790,0.367959
-0.511588,0.205886,0.266508
-0.144585,-0.311384,0.911550
-0.086313,-0.370044,0.985883
0.276493,-0.043793,0.788958
0.553907,0.240010,0.346035
0.495364,-0.120037,0.210365
0.057776,0.271175,0.730772
0.203393,0.196236,0.754451
-0.174355,-0.298525,0.095109
0.019770,0.399584,0.554308
-0.283038,-0.389217,0.467123
-0.471315,0.153989,0.506573
0.394353,-0.068312,0.560724
0.046253,-0.376418,0.553560
-0.437816,0.136322,0.557109
-0.186942,-0.347963,0.591459
0.350971,0.104684,0.117761
-0.486449,-0.069697,0.467565
0.140732,-0.305402,0.686136
-0.314084,-0.009401,0.645366
-0.267695,0.143679,0.828937
-0.022727,0.549949,0.406339
-0.420180,0.107236,0.548589
0.062646,-0.327375,0.062128
-0.145446,-0.623409,0.361050
0.217032,0.242652,0.626313
-0.125407,0.237634,0.821379
-0.432751,0.331371,0.395257
-0.405127,0.265768,0.492741
0.361206,-0.087402,0.109246
0.119385,-0.302540,0.063676
-0.025920,0.377843,0.070751
-0.318464,-0.394021,0.222553
0.027756,0.360440,0.083090
-0.556699,0.210625,0.420956
-0.465612,-0.300362,0.235785
-0.297509,0.184653,0.106755
-0.583494,0.023948,0.296458
-0.438679,-0.058839,0.518813
0.368345,0.394593,0.416770
-0.025990,0.280646,0.832107
-0.424533,-0.210872,0.199869
-0.253123,-0.184239,0.029118
0.342920,-0.145085,0.633506
0.314575,0.069182,0.884611
0.480526,-0.256873,0.296384
0.358289,0.430740,0.314169
-0.038443,-0.358216,0.585286
-0.296798,0.134723,0.069165
0.370414,-0.014889,0.573200
0.103180,0.337122,0.935576
0.336239,0.109184,0.667136
-0.576513,-0.239250,0.347612
0.000722,-0.475579,0.191512
0.234904,-0.497213,0.471098
0.286160,-0.182929,0.629674
-0.088040,-0.286700,0.007954
0.293747,-0.009685,0.685979
0.545171,0.133306,0.303784
-0.233698,0.302730,0.094906
0.213458,0.172961,0.861225
-0.127906,-0.602531,0.308447
-0.450586,0.068558,0.517315
-0.550870,-0.130146,0.382750
-0.088971,0.369631,0.981555
0.195431,-0.184390,0.743905
-0.490129,0.085805,0.190797
0.341865,0.016577,0.061632
0.177544,0.363266,0.570452
-0.273228,-0.206618,0.634425
-0.184158,-0.221017,0.746425
0.053036,-0.362157,0.594511
0.090424,0.352048,0.625455
0.215952,0.189700,0.778131
-0.335820,0.130715,0.102911
0.286652,0.152844,0.048687
-0.218736,-0.291152,0.947978
0.145390,-0.219458,0.755649
-0.332440,0.172608,0.122613
0.303451,0.105247,0.718898
0.395597,-0.183903,0.180499
0.290751,-0.108477,0.021951
-0.304546,0.458096,0.467916
-0.020394,-0.578711,0.286089
0.116260,0.350611,0.949917
0.072914,-0.313335,0.019655
0.516347,0.352662,0.388203
-0.092249,-0.354891,0.084701
-0.068965,0.498715,0.232345
-0.333151,-0.011608,0.037493
-0.261153,-0.289844,0.113373
0.160905,-0.243223,0.904136
-0.598585,0.134325,0.288145
-0.313473,-0.008227,0.902063
0.237137,0.533210,0.303619
-0.300747,0.360321,0.505377
-0.589505,0.011600,0.294971
-0.305465,0.154720,0.916740
-0.352069,-0.133962,0.982110
0.391412,-0.036192,0.098367
0.238937,0.175286,0.888470
-0.602963,0.098120,0.407516
0.542214,0.015477,0.246345
0.303540,0.285281,0.533569
-0.044088,0.506995,0.238002
0.338265,-0.124341,0.110783
0.250963,-0.319955,0.109197
0.392660,0.003708,0.119468
-0.076625,-0.427405,0.154755
0.235549,0.177950,0.700314
-0.310545,-0.060004,0.041508
-0.210440,0.209652,0.678123
0.146408,-0.320414,0.086852
-0.592690,-0.007692,0.303650
-0.014706,-0.565062,0.414457
-0.055492,-0.317341,0.903440
0.397662,-0.264150,0.219549
-0.160579,-0.321824,0.926821
-0.165135,-0.236447,0.843819
-0.338057,0.375180,0.465358
-0.469855,-0.066173,0.489685
0.407006,0.431419,0.297977
0.114876,-0.492829,0.261647
0.340426,0.089402,0.078236
0.233162,0.227726,0.034977
-0.509238,0.270971,0.359571
-0.275786,0.118406,0.845793
0.517175,-0.069352,0.206238
-0.174385,-0.237360,0.756821
-0.276728,0.106642,0.043527
0.421310,-0.131137,0.556275
0.364121,-0.093242,0.601663
-0.312904,-0.142484,0.652587
-0.129217,0.550326,0.371450
-0.319941,0.189001,0.620806
0.468182,-0.244904,0.253962
-0.166054,-0.256271,0.714566
-0.070672,0.385292,0.565693
-0.539829,0.008512,0.426967
-0.163515,-0.498742,0.492332
-0.301439,0.173340,0.917322
-0.536864,-0.358226,0.327048
0.607740,-0.012261,0.338371
0.380029,0.431783,0.325517
-0.133598,-0.280852,0.037280
0.235757,-0.244139,0.061806
-0.289870,-0.068535,0.026970
-0.314694,0.014080,0.634322
-0.264180,0.528751,0.283879
-0.501256,-0.084293,0.438358
0.004991,-0.290023,0.873487
0.057950,-0.549556,0.406346
-0.182419,-0.211398,0.803916
-0.340243,-0.353541,0.468408
0.192911,-0.541307,0.415107
0.515352,0.323206,0.285648
-0.295336,-0.100292,0.823597
0.607755,-0.066123,0.378225
-0.159327,0.260158,0.719051
0.059165,-0.329872,0.086787
-0.437355,0.171790,0.201252
-0.096023,0.349602,0.931911
-0.278273,0.242021,0.998457
0.246467,-0.526628,0.442318
-0.249975,-0.235149,0.918997
-0.000159,-0.359901,0.587086
-0.197518,0.253157,0.910635
-0.093237,0.279605,0.826711
0.147972,0.352786,0.976102
0.436397,-0.066416,0.539277
-0.248975,0.267965,0.942273
0.160094,-0.545863,0.321520
-0.225572,0.189038,0.848890
-0.386647,-0.120377,0.577693
0.181640,-0.207741,0.854244
0.082683,0.305258,0.672661
-0.520213,-0.149695,0.297744
0.009713,0.269562,0.735869
0.564429,-0.060463,0.442823
0.265464,-0.144186,0.000237
-0.351400,0.085915,0.958860
-0.060182,0.385890,0.969225
-0.257470,-0.223605,0.038845
0.217668,-0.244882,0.036219
-0.245578,-0.323051,0.139875
0.173946,-0.277208,0.652608
0.325891,-0.542140,0.351998
0.283142,0.417638,0.463877
-0.397197,0.048349,0.117549
0.006278,0.588125,0.302679
0.362311,0.134786,0.977539
0.478002,0.332779,0.440183
0.292537,-0.063472,0.759409
0.203141,-0.279913,0.612812
0.301366,-0.214682,0.946268
0.185876,0.306763,0.099687
-0.038165,0.333436,0.065393
-0.034876,0.301947,0.793471
-0.408810,0.181403,0.183684
0.205608,-0.366667,0.143687
-0.494628,-0.161419,0.477059
-0.418134,-0.266369,0.505404
0.360303,-0.494267,0.288344
-0.218783,0.203218,0.663856
0.194025,-0.203790,0.792543
0.331242,-0.018604,0.048905
-0.254234,0.013944,0.819012
-0.165445,-0.251475,0.836091
0.090661,-0.318182,0.688971
0.084398,0.282095,0.695169
-0.319927,0.352950,0.181224
0.351718,0.112102,0.965076
0.355927,-0.114552,0.973093
-0.589413,0.149243,0.413439
-0.418234,0.035246,0.542170
0.262658,0.129591,0.792533
0.217270,-0.192436,0.783696
-0.189415,0.220460,0.684470
0.105964,0.572590,0.258225
-0.265234,0.143336,0.014658
-0.294261,0.138305,0.899277
-0.438372,-0.388557,0.276882
-0.535775,0.009683,0.228626
-0.091230,0.478337,0.476758
0.334869,0.351005,0.469943
0.181613,0.211000,0.774803
-0.414070,-0.285594,0.193780
-0.041409,-0.263560,0.811730
0.205942,0.169032,0.804321
-0.489120,-0.199466,0.256776
0.064443,-0.424858,0.513279
0.312335,0.086947,0.891955
0.140177,-0.492098,0.471061
0.186259,0.581371,0.314073
0.141211,-0.473379,0.491258
-0.219315,-0.173090,0.844813
-0.331217,-0.354909,0.195765
0.271073,0.237300,0.595784
0.195498,-0.204071,0.789241
-0.232675,0.176331,0.712554
-0.235503,0.209321,0.018931
0.307856,-0.381280,0.187254
-0.060543,0.403689,0.556556
0.260297,-0.331656,0.546238
0.064070,0.304452,0.005787
0.414121,-0.204570,0.518117
-0.192561,0.542151,0.327621
0.377825,-0.450904,0.272531
0.289496,0.058732,0.012928
-0.350375,-0.009530,0.602623
0.029104,-0.366830,0.082074
-0.093085,0.288568,0.742029
0.323564,0.149392,0.101332
-0.285400,0.271514,0.113170
-0.325567,-0.097238,0.912454
0.325253,0.105400,0.651086
0.212619,0.437515,0.505317
-0.370041,-0.220797,0.559974
-0.540789,-0.317883,0.310583
-0.144911,-0.613573,0.380280
-0.096717,0.287125,0.723431
-0.552314,-0.160719,0.352477
-0.096298,-0.390255,0.585099
-0.211069,-0.232109,0.688566
-0.032007,-0.615438,0.340322
0.329420,0.153716,0.635677
-0.333254,-0.448721,0.354821
0.112139,0.277871,0.009304
-0.346157,0.269100,0.178078
-0.295244,0.069476,0.906594
0.422248,0.422659,0.346076
0.263733,0.342424,0.521648
0.221093,0.154037,0.809001
-0.020210,0.280486,0.793391
-0.055804,-0.274026,0.776990
-0.209075,0.531696,0.301414
-0.342885,-0.097186,0.622872
0.231069,-0.182390,0.752692
0.138838,0.368896,0.606890
-0.220546,0.552887,0.377417
-0.282107,-0.165781,0.673567
0.562976,0.047756,0.295467
-0.238831,-0.255488,0.584721
0.181673,0.208729,0.715501
0.463016,-0.157226,0.529892
0.271603,-0.106739,0.786940
-0.397265,0.433533,0.383771
-0.389878,0.166852,0.573855
-0.290268,-0.482532,0.420138
-0.365775,-0.121143,0.962489
0.477907,-0.124594,0.192149
0.412800,-0.370907,0.388091
0.186232,-0.243374,0.700068
-0.252734,0.035209,0.827513
-0.290254,-0.062163,0.820595
0.237368,0.439622,0.240842
0.163559,-0.248116,0.697200
-0.277054,0.154014,0.034064
-0.071478,-0.312520,0.701342
-0.110235,0.481364,0.474065
0.178423,-0.208937,0.760612
-0.359690,-0.098383,0.129125
-0.563482,-0.054450,0.372396
-0.275187,0.007007,0.765336
0.346286,0.043966,0.079026
-0.173872,-0.204897,0.792676
-0.368644,0.439251,0.252269
-0.304946,-0.207881,0.995879
0.028153,-0.272961,0.800839
-0.199879,0.190904,0.761823
0.246626,0.221859,0.063085
-0.563972,-0.204136,0.336677
-0.301335,0.099458,0.711176
0.041826,0.462609,0.173025
-0.102180,-0.272665,0.884956
0.267450,-0.272552,0.954321
-0.011426,-0.352834,0.066763
0.090039,-0.329023,0.672250
-0.352831,-0.089949,0.930437
0.247289,-0.397959,0.180315
0.592611,-0.186025,0.322342
-0.310602,-0.001951,0.644857
-0.136227,-0.284001,0.708059
0.186214,0.204602,0.749822
-0.290899,-0.459318,0.415192
-0.112275,-0.611203,0.294948
0.096458,-0.376772,0.971346
0.401135,-0.000296,0.117257
0.354439,-0.241004,0.517147
0.243093,0.252307,0.582284
-0.307010,-0.028573,0.664923
-0.298042,-0.209298,0.990772
0.311419,0.117659,0.673767
0.234664,-0.205718,0.878866
0.312440,-0.022116,0.643334
-0.115558,0.507343,0.254713
0.256443,0.408775,0.222365
0.355195,-0.119918,0.970105
-0.304860,0.174207,0.656353
-0.136359,0.455822,0.212098
0.450856,0.386064,0.399526
0.243940,-0.167257,0.796731
0.317851,0.238830,0.579022
-0.258624,-0.443101,0.263920
0.116046,0.278305,0.786236
-0.123769,0.475010,0.230886
-0.061923,-0.600967,0.390537
0.118801,-0.400605,0.153046
-0.039740,0.575133,0.324951
-0.005087,0.277041,0.795463
-0.092701,0.296986,0.740341
-0.294291,-0.054924,0.837284
-0.339173,-0.166507,0.118968
-0.076473,-0.522733,0.469033
0.383744,0.296774,0.181114
-0.338515,-0.349448,0.190497
0.196088,0.583492,0.393075
0.013916,0.388161,0.110394
0.356038,0.062560,0.097165
0.396811,0.091514,0.554112
-0.481382,0.288207,0.405525
-0.249501,0.162639,0.716845
0.147045,0.553235,0.446293
0.565628,-0.066006,0.443697
0.293835,-0.195904,0.619130
-0.174355,-0.258689,0.886192
0.117788,0.296194,0.694833
-0.253132,0.280887,0.986255
-0.250853,-0.145898,0.763672
0.396008,0.080703,0.570091
-0.130056,0.544484,0.380515
0.050838,0.605522,0.306922
0.531284,0.158345,0.304355
-0.409153,0.133465,0.162303
0.253723,-0.241655,0.581364
-0.262197,0.228772,0.050398
0.123148,-0.506081,0.452098
-0.136871,-0.370239,0.148749
-0.385251,-0.166638,0.151376
-0.331726,0.162147,0.121500
-0.109659,0.263716,0.821944
0.128478,-0.440858,0.206038
-0.067070,0.288960,0.855555
0.316076,0.062747,0.886461
-0.418759,-0.413868,0.304213
0.558757,-0.028035,0.420818
-0.066904,-0.435510,0.553027
-0.503020,0.164667,0.234005
0.268639,-0.323654,0.542465
0.194369,-0.223935,0.894487
-0.556006,-0.025410,0.400402
-0.229784,0.264497,0.929283
0.201449,0.556422,0.307383
-0.048724,-0.371536,0.979482
0.157803,0.257070,0.754420
-0.018578,0.323857,0.916308
-0.248612,-0.225882,0.039279
-0.354576,-0.333392,0.473551
0.402400,-0.018317,0.541663
0.251357,0.179416,0.887003
-0.197486,-0.212245,0.805949
-0.227425,-0.255504,0.604537
-0.294786,0.014391,0.883943
-0.227567,-0.150507,0.776726
-0.214838,-0.343604,0.160607
0.266706,-0.078233,0.815950
-0.350862,0.244576,0.159141
-0.256659,0.560734,0.379589
-0.005700,0.291102,0.673029
0.286479,0.139813,0.721303
0.058934,-0.278895,0.803615
-0.134197,0.256231,0.790839
-0.322921,-0.077686,0.911018
-0.247201,-0.406563,0.499303
-0.149994,0.276247,0.680398
-0.338507,-0.162474,0.970339
-0.624238,0.106215,0.326796
0.116228,0.548357,0.248177
0.004635,0.561210,0.271764
0.161697,-0.268500,0.710575
-0.407938,-0.131130,0.191175
-0.243529,0.166707,0.756658
0.496579,0.356477,0.397826
0.296231,0.232873,0.966515
-0.343268,0.437184,0.451298
-0.215798,-0.262699,0.060273
0.374553,0.363018,0.224205
-0.132368,-0.277492,0.712007
0.468118,0.109930,0.228561
-0.540664,-0.345265,0.326857
-0.318989,0.404262,0.205681
0.295975,0.075477,0.838428
0.252347,-0.326059,0.549378
-0.140393,0.262274,0.751180
0.354994,-0.102422,0.943811
0.293737,0.041475,0.697413
0.049350,-0.304803,0.827134
0.466461,-0.038487,0.166577
-0.464162,0.108477,0.522410
-0.314801,-0.170188,0.934804
-0.457664,-0.405360,0.322253
0.105935,0.460912,0.175279
-0.005913,-0.356752,0.599816
0.142569,-0.317713,0.927448
0.268303,-0.204868,0.064701
-0.115825,-0.286526,0.739569
0.184130,0.228638,0.879100
0.220702,0.174182,0.835783
-0.401348,0.373153,0.418999
-0.206770,-0.313030,0.979456
0.035865,0.322991,0.927398
-0.177916,-0.368215,0.152184
-0.331201,-0.088730,0.644945
-0.555052,-0.304506,0.325822
-0.463343,-0.382667,0.308608
0.372206,-0.490184,0.298698
0.534646,-0.003815,0.231850
0.261290,0.147145,0.717503
0.422130,-0.407528,0.367345
0.477300,-0.062592,0.499078
-0.016844,0.302310,0.680605
0.491232,0.249970,0.265126
0.088917,0.294121,0.031139
-0.208969,0.215559,0.673092
-0.401918,-0.410759,0.380505
-0.301607,-0.059011,0.020957
0.150872,0.529843,0.238205
0.473783,0.258489,0.227457
0.295062,0.045693,0.817282
-0.098919,-0.351772,0.100696
-0.437535,-0.007006,0.518860
-0.061640,0.292706,0.830719
-0.270984,-0.012953,0.771447
0.214227,0.577423,0.381280
-0.163751,-0.324792,0.927743
-0.179471,0.205687,0.783058
-0.327433,-0.086737,0.082815
-0.150761,0.306780,0.918969
0.005280,-0.327254,0.902742
0.261095,-0.161029,0.818869
-0.267800,0.161227,0.739248
-0.056427,-0.429181,0.145628
-0.259349,0.450796,0.501304
0.100220,0.415910,0.141623
0.419401,0.373070,0.250455
-0.167380,-0.305205,0.632382
0.227167,-0.177746,0.775141
-0.226539,0.555461,0.331653
-0.391876,0.134836,0.153314
-0.380608,0.032470,0.975639
0.034482,0.502569,0.201914
0.235665,-0.240873,0.052569
-0.379405,-0.348752,0.215211
0.037223,-0.447864,0.173205
-0.316139,-0.154610,0.643000
-0.222875,-0.144339,0.856583
-0.119786,-0.409601,0.574601
0.268097,-0.062563,0.861137
0.120653,-0.356318,0.614370
-0.178232,-0.315584,0.107331
0.148431,-0.556437,0.370670
-0.351120,0.102870,0.975176
0.449052,-0.233614,0.483812
0.116806,0.407249,0.137623
-0.311849,-0.139608,0.085224
0.294232,-0.177974,0.623893
0.223598,0.182461,0.866276
0.076273,0.309803,0.674069
-0.307247,0.104513,0.904457
0.462335,-0.302917,0.405163
-0.344804,0.312815,0.184213
-0.549941,0.199471,0.426274
0.316974,0.233740,0.584990
0.596503,-0.091267,0.418973
0.049831,-0.366509,0.939659
-0.428641,-0.396825,0.399352
-0.276570,-0.443361,0.256237
-0.326519,-0.383435,0.218485
0.129243,-0.261018,0.840835
-0.401131,0.138305,0.577200
0.346430,-0.187355,0.591146
0.009038,0.600496,0.343466
0.117690,0.396500,0.582378
0.360296,-0.494383,0.286318
-0.211703,0.225508,0.009462
-0.089457,0.287979,0.809193
0.198530,0.238126,0.663400
0.269984,-0.519605,0.435951
0.359876,-0.534169,0.345767
-0.221893,-0.483331,0.471756
0.143057,-0.331372,0.944538
0.304791,-0.390233,0.198720
0.301607,0.075436,0.740061
-0.296809,-0.102192,0.699115
0.085769,-0.298507,0.730545
0.378988,-0.490252,0.380306
-0.194004,-0.291062,0.084796
-0.220081,0.183720,0.723524
-0.053560,-0.285633,0.675438
-0.085113,-0.335280,0.941062
0.136026,0.255907,0.849112
-0.004572,0.299894,0.690042
-0.600539,0.189253,0.402247
0.266013,-0.199290,0.658207
-0.303649,0.420151,0.478422
-0.504197,0.145412,0.482800
-0.340801,-0.391644,0.436017
-0.138129,-0.332135,0.630845
-0.135969,0.545954,0.389479
0.327373,0.163452,0.083628
0.342328,-0.362025,0.465942
0.526735,0.210066,0.277945
0.565650,-0.188542,0.423974
-0.220558,0.565426,0.388596
-0.085111,0.292518,0.767164
-0.231076,0.294454,0.981829
0.435010,0.179771,0.198444
-0.093046,-0.591980,0.265731
-0.190283,-0.282324,0.071599
0.162507,0.265757,0.815382
0.305018,0.438182,0.408181
-0.126776,-0.315447,0.069128
0.267612,-0.122387,0.884976
-0.270532,0.432822,0.491716
0.100748,-0.324993,0.921457
-0.437497,-0.084952,0.198852
0.474702,0.291668,0.465735
0.486726,0.058697,0.219749
0.063673,-0.359257,0.581639
0.193260,-0.300018,0.941455
-0.283013,-0.045839,0.733642
-0.570022,-0.288647,0.355728
-0.413841,0.067427,0.547235
0.100569,0.448131,0.172366
-0.327192,-0.373155,0.462895
-0.271415,0.254852,0.565158
0.157835,0.320182,0.938005
-0.193533,0.187631,0.763242
-0.215528,-0.159643,0.792548
0.474786,0.096021,0.483548
0.573375,-0.140078,0.437108
-0.511472,0.258134,0.333959
-0.322896,0.025137,0.051376
-0.592136,0.047224,0.290300
0.106098,0.502873,0.202993
-0.458691,0.052592,0.525103
-0.234343,0.203306,0.670156
-0.133345,0.255281,0.809671
-0.346251,-0.341299,0.477199
-0.251921,-0.268717,0.950965
-0.562428,0.114960,0.449249
0.181401,-0.219612,0.708612
-0.345956,-0.061492,0.089541
0.144249,-0.458996,0.215031
-0.376576,-0.075766,0.565166
-0.470318,0.144552,0.194149
0.067093,-0.284812,0.780942
-0.530092,-0.155904,0.430551
0.365590,-0.159807,0.134950
-0.034551,-0.267002,0.769950
0.192889,-0.197825,0.817647
-0.144277,-0.293049,0.073698
-0.243360,-0.486745,0.277417
-0.228297,0.187995,0.713467
0.111573,-0.286722,0.801649
0.311653,-0.243686,0.141097
-0.162210,0.306607,0.941725
0.240367,0.209083,0.918424
0.493251,0.068132,0.249939
0.162461,0.272374,0.693622
-0.180306,0.210125,0.785681
0.296448,0.348989,0.184238
-0.073881,0.305243,0.719977
-0.243917,-0.245994,0.932521
0.265610,0.252942,0.579778
-0.299122,-0.051775,0.720202
0.410246,-0.431213,0.298020
0.159378,0.266862,0.737836
0.312577,0.020710,0.015098
-0.164762,-0.335006,0.133022
0.447782,0.098662,0.212396
-0.162166,-0.549782,0.454062
-0.196405,-0.213076,0.664286
0.327521,0.132681,0.103805
-0.155694,-0.537709,0.475583
-0.045420,-0.334600,0.639000
-0.486852,-0.051275,0.466039
0.317351,-0.005896,0.628819
0.100211,0.263736,0.798930
0.159548,-0.363977,0.136832
-0.174841,-0.244082,0.877479
0.276595,0.105673,0.827139
0.164188,-0.441292,0.207661
-0.490266,-0.192414,0.485582
-0.005345,0.355400,0.577008
0.325781,-0.134179,0.644189
-0.324024,-0.384891,0.443136
-0.443110,0.312701,0.270973
0.102379,-0.374506,0.956845
-0.537879,-0.175285,0.300412
-0.181704,-0.544056,0.267643
0.361775,-0.260896,0.507776
0.339242,-0.157237,0.634005
0.188493,0.224151,0.767228
-0.255552,-0.152295,0.723112
-0.433196,0.374401,0.385605
-0.488559,0.118734,0.210924
0.381934,0.108289,0.143388
0.263772,0.285140,0.554422
0.159731,-0.295482,0.062916
0.053230,-0.293113,0.856086
0.160547,0.265617,0.846263
-0.079835,-0.294117,0.903471
-0.285586,-0.000518,0.712327
0.389635,-0.289714,0.467391
-0.300535,0.243578,0.563137
-0.169937,0.446274,0.212968
0.539127,0.089704,0.299060
0.014507,0.605637,0.335090
0.417684,0.022006,0.517887
-0.272180,0.042207,0.816754
-0.113412,0.359306,0.938454
-0.266565,0.155455,0.761072
0.136210,0.257085,0.767720
-0.321166,-0.059694,0.900552
-0.336533,-0.443669,0.345206
-0.263393,0.349096,0.531627
-0.014002,0.351575,0.921443
-0.093088,-0.268068,0.857581
0.213877,-0.545484,0.380889
-0.218679,0.193562,0.814116
-0.163787,-0.607056,0.326438
0.545971,-0.169513,0.453437
-0.216560,-0.307556,0.984562
0.142681,-0.271853,0.922279
0.364991,-0.031320,0.990207
-0.323533,0.002893,0.616983
0.501314,-0.077901,0.198355
0.289198,0.459548,0.417275
-0.273408,-0.105824,0.857299
-0.538157,0.073653,0.228833
-0.464360,0.017054,0.170141
0.298841,0.048992,0.680625
0.562196,-0.063606,0.246770
0.221945,0.231435,0.027980
0.303687,0.253992,0.113264
0.113301,-0.379927,0.966041
0.346587,-0.553055,0.368834
-0.445094,0.349062,0.331244
-0.338000,-0.212539,0.591413
0.108204,-0.346060,0.615660
0.327008,-0.152976,0.997705
0.329035,0.450888,0.318653
-0.081275,-0.364909,0.602587
-0.605456,0.026494,0.303014
0.336880,-0.172291,0.988974
-0.399045,-0.072274,0.557396
0.525932,0.239377,0.296383
0.372388,-0.071097,0.991807
0.310209,-0.113514,0.692897
0.257969,0.184681,0.640507
0.165861,0.401393,0.555515
0.223805,0.145603,0.823393
-0.367713,0.029322,0.953605
0.218304,0.213419,0.641214
0.220399,-0.290267,0.993377
-0.247829,0.287609,0.958986
-0.227512,-0.352877,0.168567
-0.263259,-0.128301,0.763821
0.288630,-0.103933,0.905745
0.235966,-0.334529,0.116068
0.083735,-0.441585,0.192447
0.442646,0.042099,0.170819
-0.370788,0.224437,0.531337
-0.178059,-0.291045,0.080880
-0.415696,0.169433,0.185133
0.452231,0.355560,0.263555
0.099471,0.291281,0.749424
-0.269821,-0.388778,0.213569
0.364047,0.047388,0.926487
-0.372710,-0.040730,0.106761
-0.268699,0.208595,0.635784
0.405255,0.314948,0.483839
0.092542,-0.393426,0.144993
-0.324562,-0.453123,0.331693
0.278566,-0.172804,0.695811
-0.093687,-0.402994,0.575324
0.348119,-0.482932,0.260389
0.011292,-0.452901,0.494436
-0.127235,0.379208,0.141528
-0.326382,-0.308537,0.154264
0.048957,-0.581500,0.314571
-0.248735,-0.455578,0.256748
0.396747,0.418138,0.339414
-0.047556,-0.271181,0.749733
0.312058,-0.031912,0.019465
-0.306683,0.041915,0.650203
-0.115706,-0.336922,0.104888
0.137814,0.348719,0.987239
-0.062324,0.359180,0.097309
0.185388,-0.367147,0.581845
-0.070887,0.297014,0.760548
-0.322981,0.086952,0.068831
0.405561,0.433925,0.334293
-0.381045,-0.219493,0.544546
-0.284691,-0.049721,0.836355
-0.399135,-0.381733,0.433411
-0.218434,0.474606,0.236997
-0.285822,0.018294,0.709498
0.249686,0.215548,0.028216
0.192459,-0.196215,0.719717
-0.394042,0.145028,0.156393
0.312415,0.370505,0.480234
-0.440739,-0.393382,0.383025
0.081382,-0.549527,0.325733
-0.365034,-0.058663,0.576301
0.161623,-0.495148,0.475448
0.209040,0.192613,0.861499
0.316018,-0.118130,0.671489
0.352436,0.382843,0.440165
-0.335637,0.038750,0.067118
-0.072932,-0.305181,0.023126
-0.334249,-0.135162,0.104486
-0.231754,0.166612,0.842978
0.409772,-0.338865,0.269474
0.274374,0.285087,0.541647
-0.002876,-0.439431,0.514636
0.267922,0.521598,0.381390
0.308363,0.240100,0.559641
0.149477,0.257376,0.824255
-0.139533,-0.344282,0.625623
0.324679,0.100522,0.665692
-0.321193,-0.190696,0.951662
-0.200717,-0.308067,0.588394
-0.534775,-0.295305,0.306227
-0.085811,0.290466,0.012955
0.249023,0.466963,0.271477
-0.288351,0.234589,0.557721
0.299770,-0.036203,0.883065
-0.020771,0.376538,0.087128
-0.335747,-0.272401,0.149722
0.302383,0.460792,0.400017
0.497659,0.369896,0.304021
-0.631733,0.147103,0.354274
-0.417235,-0.367313,0.437884
-0.070648,0.321087,0.672383
0.412435,-0.227939,0.204808
0.272940,-0.150800,0.736032
0.379813,0.236272,0.539470
0.122940,-0.289624,0.059837
0.179370,0.250536,0.891146
-0.408135,0.422481,0.378376
-0.039365,-0.268368,0.748984
-0.252165,0.191664,0.666753
-0.029325,-0.592080,0.277694
-0.232757,-0.169036,0.690786
0.267957,-0.234530,0.066367
0.391420,0.335658,0.216159
0.293201,-0.158430,0.903161
0.159949,-0.325166,0.100258
-0.140312,-0.281918,0.708510
0.014508,-0.294416,0.853009
-0.302430,-0.391130,0.453985
0.346157,0.013855,0.050277
0.103288,0.280436,0.857012
-0.274873,0.027585,0.721364
0.095918,0.424422,0.550861
-0.239188,0.386046,0.166869
0.209634,0.175637,0.744279
-0.299547,-0.089152,0.768142
-0.432325,0.220697,0.231187
-0.069572,-0.346690,0.088508
0.139203,0.269466,0.787173
0.175772,0.263314,0.901363
0.344455,0.308909,0.504723
0.320995,-0.233828,0.142842
-0.100704,-0.329019,0.644355
0.345571,-0.339920,0.475346
0.224268,0.437906,0.508274
-0.163812,0.553484,0.409105
-0.008631,-0.346160,0.060751
-0.102733,0.552082,0.383201
-0.324692,0.527749,0.309602
-0.252523,0.150855,0.776436
-0.347004,0.053458,0.928375
0.359172,0.432195,0.368000
0.300883,-0.118889,0.713163
-0.445236,-0.350729,0.246272
0.312437,-0.229891,0.125248
-0.256474,-0.193463,0.037624
0.269117,0.334165,0.522679
0.259909,-0.031280,0.856393
-0.008693,-0.601805,0.303959
0.168282,-0.216889,0.788856
-0.140184,-0.302951,0.700636
0.327078,0.045635,0.622133
0.365334,-0.104742,0.604621
0.481062,0.177094,0.238759
0.292893,0.110612,0.881996
-0.208437,0.250831,0.619546
-0.188571,0.290628,0.998690
-0.331568,-0.061403,0.647543
-0.342666,-0.289260,0.151794
0.161497,-0.328056,0.642084
0.467456,-0.049362,0.167752
0.118392,-0.514788,0.430817
0.475686,-0.266844,0.439808
0.420883,-0.128932,0.176397
-0.200590,-0.213618,0.839989
-0.096721,0.358581,0.135317
0.159036,0.253095,0.751586
0.420240,0.220277,0.521662
-0.178234,-0.243292,0.713589
0.450531,-0.237685,0.482756
-0.108173,-0.392350,0.147978
-0.327884,-0.179820,0.616482
0.272156,-0.212255,0.591947
-0.272347,-0.500288,0.377713
-0.555796,0.074112,0.233116
0.246140,-0.480655,0.243473
0.052766,-0.339817,0.068446
0.522087,-0.254345,0.407899
0.119118,-0.308198,0.895973
-0.170719,0.339000,0.614558
0.306898,-0.112396,0.050304
-0.408223,-0.000611,0.534335
0.357628,0.068735,0.989421
-0.086732,-0.344734,0.617293
-0.555183,0.186330,0.285199
-0.429754,0.003886,0.135622
0.077413,-0.317778,0.666899
-0.324850,-0.161177,0.117595
-0.287467,0.300596,0.121417
0.228048,0.537225,0.300303
-0.365307,-0.420645,0.282660
-0.291308,-0.211608,0.964161
0.299180,0.038287,0.665001
-0.332797,0.537803,0.365737
0.079980,-0.368583,0.937474
0.253996,-0.161433,0.842523
-0.161723,-0.347837,0.973498
0.070027,-0.306417,0.748514
-0.358606,0.107450,0.103527
0.061772,0.430344,0.546377
-0.436926,0.337555,0.399857
-0.162326,0.223045,0.758937
-0.061892,-0.310465,0.015582
-0.286955,-0.003268,0.728809
-0.124463,-0.295866,0.890592
0.031839,-0.334713,0.913755
-0.511857,0.259915,0.343864
0.422724,0.353905,0.223781
0.145797,-0.243071,0.801442
0.172238,-0.197314,0.778443
-0.145012,0.481847,0.470139
-0.263692,0.152576,0.748364
-0.261774,-0.158696,0.707703
0.295055,0.111283,0.054546
-0.137429,0.283441,0.894568
0.398547,-0.475949,0.328149
-0.282417,0.110749,0.024339
-0.050418,-0.278846,0.714561
0.049478,0.279284,0.867922
0.269300,-0.012355,0.735562
0.217856,-0.292497,0.985539
-0.226032,-0.163849,0.749584
0.517485,-0.258021,0.394089
0.391342,-0.209079,0.523904
-0.221797,-0.260319,0.049797
0.051019,-0.291901,0.821226
0.398619,-0.405055,0.413652
0.131725,-0.521579,0.427820
0.006453,-0.308057,0.645114
-0.541497,-0.053489,0.372968
-0.236887,-0.237669,0.596158
-0.278844,0.074933,0.869195
-0.446785,0.286966,0.294029
-0.349207,0.054617,0.600640
0.067150,0.563995,0.242930
0.350636,0.076709,0.612547
-0.343660,-0.088465,0.918202
-0.486593,-0.373102,0.393670
0.108769,-0.294294,0.025028
-0.068689,-0.541546,0.225698
-0.246393,0.385982,0.535798
-0.542023,-0.342937,0.357279
0.115352,0.441533,0.536599
0.114063,0.333376,0.639801
-0.431202,0.003801,0.140190
0.380569,-0.413106,0.246401
-0.414523,-0.110386,0.545218
0.386925,0.073177,0.144239
0.223473,-0.185450,0.723643
-0.281012,0.363460,0.516057
-0.102559,0.324033,0.647463
0.112676,-0.393228,0.158572
-0.008291,-0.334868,0.936202
0.291540,0.228172,0.976668
-0.237135,-0.179342,0.654899
-0.261952,-0.526623,0.368297
0.264202,-0.158798,0.716369
-0.542233,-0.197655,0.330129
-0.164991,0.295857,0.657657
-0.374006,0.442826,0.422636
-0.140809,0.315012,0.640663
0.266809,0.162535,0.904058
-0.143871,0.489544,0.256715
-0.014291,0.401915,0.530408
-0.007029,-0.589200,0.312918
0.197305,-0.229852,0.901742
0.311392,-0.234153,0.949250
-0.275855,0.556844,0.325258
-0.276266,0.111056,0.731862
0.183619,0.496333,0.241017
0.456103,-0.006698,0.502509
-0.128099,-0.299615,0.664831
0.160547,-0.225824,0.723304
0.340216,-0.169158,0.937849
-0.480705,0.113036,0.502779
-0.500509,-0.115523,0.441189
-0.308518,0.149646,0.649241
0.525995,-0.232504,0.431592
-0.136386,-0.332558,0.931978
0.178834,0.204788,0.806220
-0.378459,-0.349947,0.462427
0.293164,0.209261,0.595342
-0.031696,0.457076,0.179811
0.217254,-0.274273,0.610943
-0.186691,-0.297112,0.927926
0.196004,-0.175085,0.770906
0.282270,0.238361,0.570946
0.337513,-0.154812,0.942403
-0.322254,0.158415,0.625091
-0.105785,0.290543,0.801805
0.343252,-0.029097,0.926121
0.425409,0.319657,0.210256
0.304920,0.072873,0.754552
0.052235,0.347684,0.604094
0.130831,-0.286196,0.895436
-0.189953,-0.232648,0.877917
0.215839,-0.227687,0.894327
-0.073468,-0.299653,0.003436
0.434050,-0.091294,0.164333
0.227147,-0.178360,0.759231
-0.364539,-0.040723,0.085777
0.089560,-0.256729,0.826992
0.126635,-0.286945,0.017529
0.336860,0.344460,0.483799
-0.077368,-0.268648,0.807030
-0.294464,0.049776,0.876022
0.462094,0.384139,0.395400
-0.336413,0.157373,0.984965
0.361116,0.041087,0.599811
-0.347064,0.077954,0.931326
0.576078,0.025251,0.373375
0.217615,-0.558576,0.398939
0.189130,0.565249,0.299855
0.015355,0.283951,0.689886
0.271476,-0.230934,0.089433
-0.545452,0.238026,0.420393
-0.101000,0.274065,0.842931
0.532088,0.234378,0.281843
-0.467862,-0.367598,0.412550
0.078717,-0.548318,0.407397
0.384617,0.072619,0.119363
0.404899,-0.300482,0.239443
0.160070,0.335611,0.978279
-0.554340,-0.075736,0.363340
0.399746,0.174008,0.172105
-0.010334,-0.457860,0.171003
0.213725,-0.252638,0.633484
0.099494,0.584490,0.425643
-0.128695,-0.277079,0.033620
-0.180737,-0.260230,0.671518
0.333398,-0.117651,0.625697
-0.289273,-0.170622,0.921312
-0.601782,0.112389,0.328581
0.145625,0.302551,0.684489
0.153017,0.284367,0.047903
0.213046,0.356759,0.553231
0.281143,0.038175,0.844855
-0.340683,-0.150475,0.128553
0.246685,-0.306020,0.970956
0.251356,-0.416493,0.507142
-0.041466,0.383609,0.125015
-0.408018,0.054707,0.554499
0.362301,-0.406994,0.230357
0.169347,0.280480,0.694409
-0.533845,0.145519,0.237843
-0.334649,0.204451,0.964232
0.283063,-0.122816,0.774665
-0.179787,-0.229023,0.858179
0.001743,-0.399701,0.557087
0.294344,-0.195466,0.916044
-0.076196,0.384926,0.132021
0.455457,0.266503,0.224312
0.391236,-0.431362,0.277181
-0.223561,-0.184511,0.688938
-0.292460,-0.400392,0.227332
-0.381267,0.471056,0.397645
0.186058,-0.314892,0.634990
0.237548,-0.291133,0.095134
-0.250844,-0.522416,0.314945
-0.312266,0.210800,0.583763
0.046410,0.305736,0.687749
0.232645,-0.350436,0.134311
0.257463,0.161154,0.689534
-0.452859,-0.039695,0.484984
-0.275027,0.074910,0.791328
0.332529,0.061670,0.638342
0.142048,0.279186,0.732413
-0.201186,-0.264644,0.064620
0.016826,-0.322371,0.644130
-0.409195,-0.262083,0.186451
0.081446,-0.291557,0.760742
0.157217,0.312812,0.108921
0.312622,0.011027,0.683919
0.117821,0.361374,0.984520
0.310229,0.265354,0.118619
-0.254656,0.178365,0.016377
-0.068756,0.294916,0.733168
0.434154,-0.074246,0.156577
0.549364,0.356361,0.350009
0.538776,0.075889,0.302636
0.194077,-0.227393,0.002407
0.142501,0.261556,0.826094
0.217022,0.185358,0.817384
0.301771,0.027866,0.645912
0.279345,-0.519050,0.273516
-0.133232,0.241927,0.870290
0.456754,0.365473,0.418898
-0.182404,-0.595800,0.402245
-0.162369,-0.250065,0.808332
-0.436030,0.332805,0.299671
0.465804,0.263975,0.477551
-0.139510,0.325648,0.943146
-0.148826,-0.453126,0.194647
-0.112699,-0.288100,0.000694
-0.176803,-0.210992,0.809731
0.024319,0.387376,0.098128
-0.271270,0.400661,0.179689
-0.154976,-0.581997,0.291124
0.130927,-0.304096,0.063607
0.229469,-0.373852,0.553924
-0.273851,0.081069,0.872982
0.394311,-0.393915,0.243792
0.296638,-0.473379,0.453082
0.345256,-0.064093,0.990381
0.337358,0.185955,0.978130
-0.150057,0.324120,0.104451
-0.185346,-0.242217,0.716634
-0.161101,-0.275036,0.897121
-0.357850,0.093127,0.610554
0.269532,0.211038,0.928541
0.248358,-0.284516,0.978809
-0.272426,0.203626,0.892800
0.150693,0.295243,0.910067
0.224087,0.155520,0.743660
-0.434366,-0.406030,0.381728
-0.072055,0.342002,0.082035
-0.062507,-0.427835,0.539769
0.238869,0.397480,0.508315
-0.002593,0.530426,0.220313
-0.249724,0.188969,0.745844
-0.267641,0.229379,0.923712
-0.389757,0.269691,0.484575
-0.310397,-0.024025,0.877624
-0.176305,-0.308047,0.641562
0.047311,0.358266,0.996466
-0.041011,0.351194,0.606074
0.282659,-0.000771,0.826795
-0.362548,-0.456269,0.340715
0.214645,0.322771,0.132951
-0.536688,-0.081616,0.386890
-0.143342,0.279828,0.680575
0.147236,-0.506506,0.446021
0.324782,0.050262,0.647899
0.249406,-0.432316,0.503572
0.005856,0.377944,0.993037
-0.069903,0.407416,0.145245
-0.372415,0.129811,0.133140
-0.027114,-0.355163,0.080278
-0.545432,-0.091148,0.394340
-0.233404,0.185293,0.736420
0.071101,-0.275098,0.787691
-0.112620,-0.494020,0.508293
-0.471524,0.037450,0.183477
-0.006536,-0.350300,0.058214
0.078138,-0.548883,0.356694
-0.228518,-0.337137,0.545747
-0.095511,0.423607,0.185402
0.512174,-0.230067,0.434725
-0.144093,-0.580665,0.423882
0.342425,0.031462,0.604393
-0.139662,-0.320962,0.664869
-0.231666,-0.494087,0.459280
0.157610,-0.528620,0.288759
0.196325,0.559307,0.418281
0.179960,0.368640,0.568930
-0.207019,-0.571185,0.399613
-0.312227,0.124138,0.690367
-0.521930,-0.117845,0.430216
0.549390,-0.057717,0.236586
-0.345780,0.155051,0.605812
0.361839,0.417535,0.405303
0.079746,0.342753,0.969950
0.324079,-0.029498,0.041826
0.304198,0.054350,0.007655
0.257686,-0.254660,0.586602
-0.114151,0.457282,0.499533
0.102995,-0.538640,0.318315
-0.600571,0.051381,0.334414
-0.344425,-0.078930,0.096408
0.539253,0.150270,0.400459
-0.430393,-0.369040,0.435136
-0.086493,-0.299985,0.689561
-0.155842,0.326409,0.997787
0.097471,0.342297,0.086134
-0.183571,-0.560422,0.288632
0.046796,0.349446,0.057737
-0.224944,-0.530536,0.434639
-0.349093,0.111125,0.992040
-0.411330,-0.033116,0.154123
0.284528,0.060533,0.864596
-0.343238,0.223491,0.554734
0.063367,0.440529,0.154650
0.559144,0.048144,0.353879
-0.393044,-0.013217,0.124428
0.438230,0.072146,0.506509
-0.187544,0.562703,0.378753
0.227380,0.167225,0.885252
-0.202669,-0.375963,0.549135
0.530440,0.310664,0.324954
0.171649,-0.368273,0.141930
-0.362511,0.122681,0.134738
-0.598026,0.133209,0.412227
0.158096,-0.533737,0.309514
0.273939,0.134420,0.784108
-0.193727,0.184348,0.806000
0.003413,0.542439,0.247600
-0.273370,0.028721,0.839638
0.160422,-0.290040,0.047300
0.116156,-0.335938,0.105214
0.020644,0.606009,0.361674
-0.357006,-0.070818,0.100179
0.046801,-0.292627,0.757941
-0.284638,-0.057568,0.805660
-0.112381,-0.366237,0.977591
0.159850,0.275792,0.687538
-0.323074,-0.301733,0.151876
0.119081,0.314259,0.925401
-0.264318,0.180882,0.714003
-0.100504,0.328067,0.679879
-0.307090,0.533122,0.298158
-0.436753,-0.402682,0.304892
0.386644,-0.112085,0.596133
0.258152,-0.132852,0.812909
-0.365322,0.353411,0.458333
0.102945,0.574283,0.256733
-0.431922,-0.416797,0.351652
-0.055366,-0.573759,0.254346
-0.157458,-0.276344,0.871413
-0.338079,0.111480,0.966982
-0.462936,-0.292903,0.458647
0.420758,-0.040994,0.536519
0.439977,0.221470,0.214344
0.182836,-0.388762,0.565802
-0.015326,0.371332,0.562020
-0.281890,-0.254889,0.104594
0.310728,-0.171236,0.915225
0.270562,-0.259834,0.100025
0.539878,0.156262,0.395214
0.289918,-0.173630,0.058903
-0.420071,0.047172,0.142312
0.478193,0.140426,0.483247
0.099805,0.305303,0.031526
-0.394940,-0.050753,0.957741
0.188038,0.222560,0.733393
0.142075,0.273254,0.028058
0.180939,-0.210008,0.761576
0.176691,0.239200,0.866230
0.205428,-0.337099,0.115566
-0.307734,-0.050520,0.735471
0.226207,0.341645,0.553342
0.153205,-0.252430,0.744109
0.207847,0.588513,0.345958
0.252474,0.136578,0.753006
0.604298,-0.134323,0.305663
-0.277433,0.144673,0.719021
0.051529,-0.321403,0.650697
-0.297716,-0.436942,0.414150
-0.100868,-0.614302,0.338450
-0.248907,0.356564,0.555093
0.071368,0.354909,0.997607
-0.460660,0.030775,0.156933
-0.532427,-0.329230,0.295917
0.004951,-0.455551,0.174314
-0.309225,-0.371109,0.481256
-0.483320,-0.022880,0.208284
0.490187,-0.132032,0.212577
-0.210524,0.307402,0.987077
0.290138,0.199853,0.082228
0.293378,-0.029579,0.660387
-0.212874,-0.481314,0.478202
-0.234711,-0.288554,0.943904
0.218832,0.174823,0.778461
0.101448,-0.462055,0.220867
-0.330136,-0.203233,0.963593
-0.536584,-0.154141,0.334761
-0.289596,-0.115680,0.016193
-0.089647,0.337895,0.647949
-0.122046,0.271854,0.854538
-0.326065,-0.158094,0.993981
-0.076873,0.306224,0.040156
0.155563,-0.273330,0.906672
0.037399,-0.467692,0.182637
0.274751,0.025919,0.774793
0.167673,0.347814,0.601146
0.497881,-0.166196,0.501568
0.388940,0.101795,0.151767
0.254980,-0.552674,0.315473
-0.343224,-0.240562,0.140149
0.331864,-0.195114,0.977076
-0.441005,0.053666,0.144066
0.451911,0.352004,0.431245
-0.322338,0.047257,0.038788
0.010789,-0.366297,0.586653
0.153437,0.254086,0.862868
-0.095969,0.300424,0.734617
-0.121904,0.356429,0.128855
0.411490,-0.325727,0.273861
-0.124398,0.251121,0.826039
0.300583,0.046090,0.880058
0.300014,-0.259545,0.539852
0.291169,-0.054910,0.014679
-0.024680,-0.268143,0.755771
0.232671,0.231213,0.032688
-0.290463,-0.205286,0.071898
0.242883,-0.184527,0.694763
0.071339,-0.388754,0.550178
0.338464,-0.383574,0.207666
-0.422627,0.396894,0.333238
0.286042,-0.014195,0.687522
0.230575,0.195367,0.890254
-0.355277,-0.025068,0.590608
0.466484,-0.278719,0.296977
0.228850,-0.470481,0.487228
-0.326804,0.000371,0.922701
-0.376234,-0.079409,0.981887
-0.289414,-0.121439,0.718967
-0.212172,-0.159723,0.817569
0.554394,0.288040,0.400650
-0.516852,-0.327555,0.420207
-0.137214,-0.271970,0.812053
-0.041593,-0.577676,0.260795
0.186660,0.588900,0.351036
-0.458611,0.156400,0.522056
-0.611645,0.033965,0.382201
-0.081602,-0.303439,0.902229
-0.210631,0.297434,0.951052
0.211623,-0.194577,0.679946
-0.387698,-0.094704,0.970994
-0.463278,-0.093118,0.489695
0.308309,0.058716,0.694562
0.118364,-0.255679,0.848496
-0.340844,0.174674,0.969605
0.163614,0.242353,0.838078
0.119723,0.354160,0.611160
-0.102759,-0.342104,0.948677
-0.353952,-0.129578,0.969303
0.425921,-0.201719,0.530369
0.108138,0.613323,0.312137
0.250326,-0.204513,0.665619
-0.190077,0.548665,0.328700
0.142077,-0.424155,0.188512
0.264257,0.170246,0.692416
-0.263012,-0.497358,0.421442
-0.339187,-0.085252,0.910929
-0.133526,0.345162,0.983877
0.373025,-0.311808,0.203063
-0.556481,0.230985,0.327135
0.607844,-0.170406,0.364315
-0.092391,0.570901,0.375958
0.419007,0.109788,0.536940
-0.059503,-0.374775,0.984847
-0.241595,0.547119,0.424431
-0.491346,-0.052990,0.216196
0.191233,0.480624,0.241804
0.064901,-0.301158,0.704171
-0.324202,0.087284,0.063954
-0.265793,-0.001684,0.805856
0.103279,-0.290696,0.727996
0.483833,-0.086905,0.195696
0.521026,0.351186,0.361267
0.060875,0.575097,0.257009
0.190139,-0.189865,0.775148
-0.363214,-0.235641,0.555379
-0.141031,-0.357761,0.963751
-0.329154,-0.093126,0.629295
-0.152509,0.377116,0.135747
-0.072350,-0.516996,0.207990
-0.217021,-0.567616,0.308885
-0.204142,-0.357041,0.569660
-0.295546,0.123332,0.902144
-0.123804,0.317354,0.658075
-0.217251,-0.248694,0.914039
-0.198735,-0.398255,0.194623
0.446634,-0.325863,0.284384
0.145294,0.358239,0.603758
-0.058841,-0.412054,0.129048
-0.044139,0.314167,0.642229
-0.283030,0.096700,0.888486
-0.145886,0.242682,0.829686
0.315862,-0.126394,0.691488
-0.110539,0.316713,0.703877
-0.068506,0.485865,0.460071
-0.243613,0.229699,0.038673
-0.057082,0.278441,0.808823
-0.314325,-0.403874,0.448220
0.429406,-0.252018,0.476168
0.007259,-0.526032,0.440638
0.306918,-0.291672,0.507829
0.190947,0.264194,0.647892
-0.373025,0.268819,0.492241
0.097944,0.563335,0.441085
0.123756,-0.437826,0.530567
-0.153665,0.560208,0.381355
0.070864,0.266083,0.791442
-0.267560,0.025139,0.824270
0.123084,-0.336040,0.104485
0.335458,0.168042,0.616147
-0.214341,0.405673,0.179719
-0.234485,0.363144,0.158811
0.285965,0.464456,0.299182
-0.070857,0.544347,0.403671
-0.225051,0.218825,0.027337
0.503012,-0.183195,0.238372
0.132654,-0.313781,0.082803
-0.371609,-0.165530,0.151478
0.459328,-0.312151,0.335623
-0.418984,-0.102582,0.539892
-0.280500,0.070528,0.880171
0.167665,-0.217499,0.871899
0.310052,-0.219131,0.982618
-0.283942,-0.102675,0.832789
0.124980,0.294361,0.034359
-0.302780,-0.148183,0.931052
0.552457,0.243469,0.400582
0.297673,-0.007586,0.879714
-0.257353,0.171978,0.880164
-0.182402,-0.246867,0.018015
-0.088315,0.461756,0.507313
-0.298337,0.005655,0.898292
0.304959,-0.105593,0.674246
0.306176,-0.394959,0.501353
-0.248393,-0.234692,0.058041
0.279520,-0.054026,0.727407
-0.552647,0.106924,0.240538
-0.146829,-0.288041,0.900534
-0.530566,-0.188511,0.434129
-0.504748,-0.181673,0.269906
-0.024401,0.388244,0.963239
0.298408,0.030055,0.691252
0.108613,0.416908,0.150130
-0.474382,0.268485,0.280579
0.304066,0.456268,0.289788
0.073372,-0.340331,0.093179
0.436802,-0.337895,0.375271
-0.386608,0.230414,0.194693
0.062785,-0.291615,0.768456
0.293700,-0.478686,0.239247
-0.353333,-0.126065,0.986913
0.503860,-0.264934,0.417987
0.431725,-0.373630,0.322490
0.297914,0.196188,0.943308
-0.262615,-0.121834,0.832467
0.428398,-0.199626,0.512492
-0.020854,-0.612330,0.320155
0.109671,0.347303,0.954850
-0.330500,-0.385614,0.440725
-0.256734,0.195553,0.631691
-0.037865,0.447704,0.178041
0.004373,-0.273243,0.842792
0.284705,0.481515,0.373093
-0.055185,-0.273996,0.833473
-0.441120,0.234937,0.242385
-0.443032,0.018433,0.154763
0.072217,0.537019,0.227320
-0.322556,0.150858,0.919076
0.346680,-0.021294,0.601483
-0.245531,-0.341651,0.538934
0.350116,-0.309367,0.196659
